player,g,gs,mp,fg_per_100_poss,fga_per_100_poss,x3p_per_100_poss,x3pa_per_100_poss,x2p_per_100_poss,x2pa_per_100_poss,ft_per_100_poss,fta_per_100_poss,orb_per_100_poss,drb_per_100_poss,trb_per_100_poss,ast_per_100_poss,stl_per_100_poss,blk_per_100_poss,tov_per_100_poss,pf_per_100_poss,pts_per_100_poss,o_rtg,d_rtg,avg_dist_fga,percent_fga_from_x2p_range,percent_fga_from_x0_3_range,percent_fga_from_x3_10_range,percent_fga_from_x10_16_range,percent_fga_from_x16_3p_range,percent_fga_from_x3p_range,fg_percent_from_x2p_range,fg_percent_from_x0_3_range,fg_percent_from_x3_10_range,fg_percent_from_x10_16_range,fg_percent_from_x16_3p_range,fg_percent_from_x3p_range,percent_assisted_x2p_fg,percent_assisted_x3p_fg,percent_dunks_of_fga,num_of_dunks,percent_corner_3s_of_3pa,corner_3_point_percent,num_heaves_attempted,num_heaves_made,per,x3p_ar,f_tr,orb_percent,drb_percent,trb_percent,ast_percent,stl_percent,blk_percent,tov_percent,usg_percent,ows,dws,ws,ws_48,obpm,dbpm,bpm,vorp,height,weight,pos_PG,pos_SG,pos_PF,pos_SF,pos_C
AJ Johnson,48.94117647058823,18.294117647058822,1123.1176470588234,7.035294117647059,16.08823529411765,2.047058823529412,5.635294117647058,4.988235294117647,10.452941176470588,3.364705882352941,4.458823529411765,1.4588235294117649,6.811764705882352,8.28235294117647,4.341176470588236,1.5588235294117647,0.6764705882352942,2.2588235294117647,3.5529411764705885,19.523529411764702,107.82352941176472,111.58823529411764,11.941176470588236,0.6902941176470588,0.2821764705882352,0.265235294117647,0.0984117647058823,0.0445882352941176,0.3097058823529411,0.4791176470588235,0.6227647058823528,0.3828235294117647,0.368235294117647,0.2894705882352941,0.3314705882352941,0.5518235294117646,0.8131764705882353,0.0637647058823529,14.470588235294118,0.4235882352941176,0.3242941176470588,0.8235294117647058,0.0,12.529411764705884,0.3097058823529411,0.2711176470588235,3.2705882352941176,15.476470588235292,9.32941176470588,12.952941176470588,1.5588235294117647,1.2,11.594117647058823,17.85882352941176,1.1823529411764706,1.0588235294117647,2.2411764705882358,0.0793529411764705,-1.1058823529411763,0.0705882352941176,-1.0294117647058822,0.5235294117647059,77.0,203.23529411764707,1,1,0,0,0
Adem Bona,47.9,13.4,811.2666666666667,7.050000000000001,12.613333333333332,0.7833333333333333,2.35,6.260000000000001,10.25,3.2333333333333334,4.59,4.069999999999999,8.23,12.296666666666663,2.58,1.356666666666667,2.546666666666667,2.26,6.24,18.106666666666666,119.6,109.16666666666669,8.49,0.8130666666666666,0.4781666666666667,0.2010999999999999,0.0546999999999999,0.0788,0.1869666666666666,0.5936666666666668,0.7237333333333335,0.3998,0.3373333333333334,0.3006333333333333,0.1892,0.7219333333333331,0.5592666666666666,0.2325333333333333,42.333333333333336,0.2112,0.2117,0.2,0.0,15.816666666666665,0.1869666666666666,0.3743666666666668,9.096666666666666,18.51,13.773333333333335,7.72,1.3533333333333333,4.3133333333333335,13.26666666666667,14.939999999999998,1.2833333333333334,0.8733333333333334,2.1533333333333338,0.1329333333333333,-0.8366666666666667,0.7600000000000001,-0.0733333333333332,0.3633333333333333,81.1,232.2,0,0,1,1,0
Ajay Mitchell,58.63157894736842,46.526315789473685,1703.578947368421,9.726315789473682,21.200000000000003,1.7578947368421056,5.231578947368422,7.94736842105263,15.947368421052632,5.2105263157894735,6.6263157894736855,0.9789473684210528,4.826315789473685,5.805263157894736,7.657894736842105,1.7894736842105268,0.7631578947368421,3.389473684210526,3.5421052631578958,26.41578947368421,107.63157894736842,112.0,12.447368421052634,0.7528947368421053,0.2508947368421052,0.2082105263157894,0.1622105263157894,0.1317368421052631,0.2471052631578947,0.485578947368421,0.6569999999999999,0.3887894736842106,0.4177368421052632,0.3849473684210526,0.3334736842105263,0.2537894736842105,0.6397894736842107,0.0228947368421052,19.05263157894737,0.2077368421052632,0.3253684210526316,0.8947368421052632,0.0526315789473684,16.57894736842105,0.2471052631578947,0.2896315789473684,2.2315789473684213,10.905263157894735,6.552631578947368,24.96315789473684,1.7894736842105268,1.3526315789473686,12.63157894736842,24.41578947368421,2.4473684210526314,1.536842105263158,3.978947368421053,0.0918421052631579,0.7578947368421054,-0.1894736842105263,0.568421052631579,1.594736842105263,75.94736842105263,189.73684210526315,1,1,0,0,0
Alexandre Sarr,42.6,6.15,617.65,7.275,15.654999999999998,1.6649999999999998,5.11,5.609999999999999,10.54,2.1100000000000003,3.1299999999999994,2.7,8.45,11.15,2.26,1.19,1.06,2.04,5.015000000000001,18.325,107.35,109.45,13.654999999999998,0.67255,0.2662,0.1501,0.1081,0.14835,0.3274999999999999,0.5363,0.6677500000000001,0.4702499999999999,0.3775499999999999,0.38575,0.27885,0.7102999999999999,0.8520999999999999,0.08565,14.15,0.2446,0.297,0.3,0.0,12.260000000000002,0.3274999999999999,0.2042,5.9,18.865,12.355,6.815,1.19,1.86,10.785,16.830000000000002,0.47,0.615,1.08,0.0797,-1.83,-0.35,-2.18,0.055,80.7,226.4,0,0,1,1,0
Anton Watson,38.0,2.625,476.375,7.125,13.7375,0.1375,0.9625,6.9875,12.775,3.0375,5.3375,3.7375,6.049999999999999,9.775,2.3,1.45,0.875,2.725,5.8375,17.425,106.375,109.0,6.2375,0.930625,0.5825,0.1402499999999999,0.091125,0.1167499999999999,0.069375,0.55,0.65075,0.354,0.33725,0.198,0.171125,0.64975,0.479125,0.186875,23.25,0.4745,0.331125,0.0,0.0,11.875,0.069375,0.39425,8.425,13.2125,10.85,6.9875,1.45,1.3125,14.2375,16.45,0.5,0.375,0.8875000000000001,0.074875,-2.4000000000000004,-0.6125,-3.0125,0.0375,80.625,235.25,0,0,1,1,0
Antonio Reeves,57.61538461538461,29.94871794871795,1499.2051282051282,7.687179487179487,17.907692307692308,3.3410256410256407,8.743589743589743,4.3538461538461535,9.158974358974357,3.002564102564103,3.705128205128205,0.7589743589743587,4.912820512820512,5.666666666666668,3.5461538461538478,1.0128205128205128,0.2717948717948717,1.964102564102564,3.343589743589744,21.72820512820513,110.07692307692308,113.23076923076924,17.29230769230769,0.513051282051282,0.1599230769230769,0.0996666666666666,0.1045897435897435,0.1489230769230769,0.4869487179487179,0.4745128205128206,0.6233589743589745,0.3773333333333334,0.410025641025641,0.4095641025641026,0.3795128205128205,0.5641794871794871,0.8928717948717949,0.0113076923076923,6.82051282051282,0.2776666666666667,0.3803589743589743,1.205128205128205,0.0256410256410256,12.18974358974359,0.4869487179487179,0.2044871794871794,1.68974358974359,10.964102564102564,6.310256410256412,11.012820512820513,1.0128205128205128,0.4487179487179486,9.26923076923077,19.020512820512824,1.5307692307692309,0.8589743589743588,2.3846153846153846,0.0739230769230769,-0.4076923076923077,-1.064102564102564,-1.4717948717948717,0.2769230769230769,76.8974358974359,204.33333333333331,1,1,0,0,0
Ariel Hukporti,45.32142857142857,18.678571428571427,928.1071428571428,7.382142857142857,16.871428571428574,1.6535714285714285,4.735714285714286,5.721428571428572,12.132142857142856,2.7607142857142857,4.342857142857143,3.025,7.800000000000002,10.828571428571427,2.7464285714285714,1.3035714285714286,1.5178571428571428,2.682142857142857,5.832142857142856,19.178571428571427,101.10714285714286,108.21428571428572,12.30714285714286,0.7293928571428571,0.2948571428571429,0.1796785714285714,0.1478571428571428,0.1070357142857142,0.2706071428571429,0.465642857142857,0.6162857142857143,0.3567142857142856,0.3693928571428571,0.3346785714285714,0.2528214285714286,0.6210357142857142,0.7271428571428571,0.0981428571428571,21.678571428571427,0.1898214285714285,0.244,1.0714285714285714,0.0714285714285714,11.939285714285717,0.2706071428571429,0.2754642857142856,6.810714285714285,17.532142857142855,12.164285714285716,8.385714285714286,1.3035714285714286,2.392857142857143,12.725000000000003,18.942857142857143,0.3464285714285714,1.0071428571428571,1.35,0.0615714285714285,-2.2035714285714287,-0.2428571428571428,-2.45,0.0499999999999999,81.17857142857143,245.53571428571428,0,0,0,0,1
Baylor Scheierman,44.60869565217392,9.0,875.2608695652174,7.056521739130434,17.06521739130435,3.3739130434782605,9.095652173913043,3.665217391304348,7.97391304347826,1.643478260869565,2.073913043478261,1.3086956521739133,6.656521739130433,7.982608695652174,3.260869565217392,1.443478260869565,0.5304347826086956,2.356521739130435,3.921739130434783,19.1304347826087,103.3913043478261,112.7391304347826,17.56086956521739,0.4598695652173913,0.1599130434782608,0.1193043478260869,0.0863043478260869,0.0944347826086956,0.5401304347826087,0.4443913043478261,0.6345652173913043,0.3826521739130434,0.3633043478260869,0.3009565217391304,0.3729130434782609,0.5800434782608695,0.899,0.0188260869565217,4.130434782608695,0.2826521739130435,0.4078695652173913,0.9130434782608696,0.0,10.530434782608696,0.5401304347826087,0.119,2.965217391304348,14.947826086956525,8.952173913043477,9.656521739130437,1.443478260869565,0.9043478260869564,11.46086956521739,17.97826086956522,0.3478260869565218,0.6695652173913044,1.0217391304347827,0.0443478260869565,-1.9217391304347824,-0.6478260869565218,-2.5608695652173914,0.0043478260869565,78.21739130434783,217.8695652173913,1,1,0,0,0
Blake Hinson,51.66666666666666,19.791666666666668,1130.5,7.420833333333333,16.383333333333333,2.9125,7.695833333333333,4.520833333333333,8.679166666666667,2.3916666666666666,3.470833333333333,1.4458333333333335,5.270833333333333,6.704166666666666,2.8791666666666664,1.3583333333333334,0.4875,2.1541666666666663,4.604166666666667,20.129166666666663,109.0,114.20833333333331,15.0875,0.5099999999999999,0.258625,0.146375,0.0581666666666666,0.0467499999999999,0.49,0.5142916666666667,0.6353333333333333,0.3667499999999999,0.3231666666666666,0.377,0.3562916666666666,0.668,0.9627916666666666,0.0364583333333333,11.583333333333334,0.361875,0.3960833333333333,0.3333333333333333,0.0833333333333333,11.245833333333332,0.49,0.201125,3.1916666666666664,11.829166666666666,7.5,8.895833333333334,1.3583333333333334,0.8666666666666667,10.7,17.745833333333334,0.9208333333333334,0.8458333333333332,1.7666666666666666,0.063,-1.7416666666666665,-0.4708333333333332,-2.208333333333333,0.1458333333333333,77.04166666666667,210.58333333333331,1,1,0,0,0
Bobi Klintman,40.266666666666666,7.0,640.4,6.486666666666666,15.573333333333334,1.84,5.340000000000001,4.633333333333332,10.239999999999998,3.186666666666667,4.446666666666666,1.38,6.073333333333333,7.459999999999999,2.566666666666667,1.3133333333333332,0.9266666666666666,2.3800000000000003,4.920000000000001,17.973333333333333,99.53333333333332,110.53333333333332,13.693333333333332,0.6468666666666666,0.2628666666666667,0.1763333333333333,0.0733333333333333,0.1343333333333333,0.3531333333333333,0.4446,0.5945333333333332,0.3474,0.2789333333333333,0.3549999999999999,0.3368,0.6460000000000001,0.96,0.0502666666666666,11.266666666666667,0.3648,0.3992666666666666,0.5333333333333333,0.0,9.7,0.3531333333333333,0.2842666666666666,3.0533333333333337,13.546666666666663,8.28,7.760000000000002,1.3133333333333332,1.5799999999999998,12.04,17.63333333333333,0.2666666666666666,0.4466666666666666,0.7200000000000001,0.038,-2.966666666666667,-0.3599999999999998,-3.313333333333333,-0.1066666666666666,79.4,235.33333333333331,0,0,1,1,0
Cam Spencer,49.56410256410256,30.923076923076923,1238.179487179487,5.92051282051282,14.323076923076924,2.805128205128205,7.710256410256411,3.102564102564102,6.610256410256411,2.2333333333333334,2.8205128205128207,1.2102564102564102,4.223076923076923,5.433333333333334,4.633333333333334,1.676923076923077,0.6333333333333334,1.9871794871794872,4.261538461538461,16.88461538461538,110.97435897435898,112.5897435897436,16.83076923076923,0.4532564102564103,0.1843333333333333,0.1466666666666666,0.0554102564102564,0.067025641025641,0.5467435897435896,0.473102564102564,0.5974358974358973,0.3758461538461539,0.3862564102564103,0.3592820512820513,0.3545641025641026,0.4875384615384614,0.8800769230769233,0.0184102564102564,7.205128205128205,0.3064358974358974,0.397974358974359,0.5641025641025641,0.0,10.889743589743588,0.5467435897435896,0.1967179487179487,2.7282051282051283,9.438461538461535,6.102564102564102,13.176923076923076,1.676923076923077,1.125641025641026,11.366666666666667,15.5025641025641,1.225641025641026,1.0384615384615383,2.2743589743589747,0.0776410256410256,-1.4897435897435891,0.1769230769230769,-1.3205128205128205,0.3692307692307692,75.33333333333333,194.3589743589744,1,1,0,0,0
Cody Williams,57.19230769230769,19.07692307692308,1209.0384615384614,7.815384615384614,16.842307692307692,2.015384615384615,5.684615384615385,5.803846153846154,11.169230769230769,3.569230769230769,4.596153846153846,2.407692307692308,7.346153846153846,9.750000000000002,4.580769230769231,1.6615384615384614,0.8346153846153845,3.0961538461538463,5.11923076923077,21.192307692307693,108.92307692307692,110.0,13.203846153846156,0.6568461538461539,0.3070769230769231,0.1654615384615385,0.069076923076923,0.1151538461538461,0.3431538461538461,0.5351538461538461,0.6779230769230769,0.4034230769230769,0.3711153846153845,0.3959230769230769,0.3436538461538461,0.6030384615384615,0.9121153846153844,0.0406538461538461,15.346153846153848,0.2254230769230769,0.3553076923076922,0.5,0.0,14.038461538461538,0.3431538461538461,0.276576923076923,5.326923076923077,16.523076923076925,10.907692307692306,14.08076923076923,1.6615384615384614,1.4346153846153844,14.176923076923076,19.34230769230769,1.2423076923076926,1.2423076923076926,2.476923076923077,0.0922692307692307,-0.7692307692307693,0.2423076923076922,-0.5346153846153846,0.5076923076923078,80.73076923076923,233.65384615384616,0,0,1,1,0
DaRon Holmes II,49.48571428571429,15.742857142857142,988.7714285714286,7.262857142857143,15.405714285714287,1.5542857142857145,4.442857142857143,5.711428571428572,10.951428571428572,3.105714285714285,3.928571428571429,3.28,7.917142857142858,11.197142857142858,2.422857142857143,0.9742857142857144,1.5571428571428572,2.071428571428572,4.511428571428572,19.22285714285714,111.94285714285714,109.02857142857142,12.991428571428573,0.6966857142857142,0.2906285714285714,0.1455142857142857,0.1291714285714285,0.1315714285714285,0.3033142857142857,0.5241714285714286,0.6298,0.4399714285714285,0.4251428571428571,0.4323714285714286,0.2210571428571429,0.6938,0.6399428571428571,0.0860857142857142,34.8,0.2036285714285714,0.2122285714285714,0.4,0.0,13.934285714285716,0.3033142857142857,0.2511714285714286,7.354285714285713,17.585714285714285,12.491428571428573,7.368571428571429,0.9742857142857144,2.565714285714286,10.745714285714286,17.034285714285716,1.3057142857142858,1.2085714285714284,2.52,0.1072285714285714,-0.8742857142857143,-0.1285714285714286,-0.9971428571428568,0.4428571428571428,81.97142857142858,241.0,0,0,1,1,0
Dalton Knecht,53.95238095238095,4.904761904761905,1106.190476190476,7.852380952380953,18.685714285714287,2.823809523809524,7.847619047619046,5.023809523809524,10.842857142857142,4.0,5.033333333333335,1.038095238095238,4.628571428571428,5.666666666666667,4.642857142857143,1.119047619047619,0.5285714285714287,2.7952380952380955,3.6666666666666665,22.52380952380953,106.0952380952381,114.04761904761904,14.952380952380953,0.5711428571428572,0.2517619047619048,0.1320952380952381,0.088,0.0990952380952381,0.4288571428571429,0.4658095238095238,0.5986666666666667,0.3318095238095238,0.3469523809523809,0.3835238095238095,0.3662380952380952,0.4570952380952381,0.8078095238095235,0.0266190476190476,13.142857142857142,0.262952380952381,0.3976190476190476,1.4285714285714286,0.0,12.228571428571426,0.4288571428571429,0.2819523809523809,2.304761904761905,10.542857142857144,6.371428571428572,14.409523809523812,1.1142857142857143,0.9095238095238094,11.857142857142858,20.904761904761905,0.7333333333333333,0.5666666666666667,1.2904761904761903,0.0521904761904761,-0.6857142857142856,-1.3761904761904762,-2.0619047619047617,0.038095238095238,76.61904761904762,199.23809523809524,1,1,0,0,0
Devin Carter,50.13793103448276,21.58620689655172,1144.1379310344828,7.055172413793103,16.96896551724138,1.7689655172413794,5.775862068965517,5.275862068965517,11.210344827586203,5.086206896551724,6.565517241379309,0.9275862068965516,4.441379310344828,5.362068965517241,7.010344827586208,1.9758620689655173,0.4448275862068965,3.403448275862069,4.83103448275862,20.97931034482758,104.6896551724138,109.65517241379312,13.334482758620693,0.6556206896551724,0.3206206896551724,0.1358275862068965,0.0649655172413793,0.134551724137931,0.3443793103448276,0.4711379310344827,0.5812413793103449,0.3240689655172413,0.3747241379310345,0.3535862068965517,0.2946206896551724,0.3656551724137931,0.7589310344827587,0.0164137931034482,3.793103448275862,0.1819655172413793,0.3294137931034482,3.0689655172413794,0.0344827586206896,13.327586206896552,0.3443793103448276,0.3824827586206896,2.041379310344828,9.982758620689657,5.972413793103449,21.531034482758614,1.9758620689655173,0.7172413793103448,14.558620689655172,20.41379310344828,1.4,0.9241379310344828,2.320689655172414,0.0769310344827586,-1.1241379310344828,-0.2068965517241379,-1.3413793103448275,0.5551724137931033,75.72413793103448,190.5862068965517,1,1,0,0,0
Donovan Clingan,50.5,29.25,1176.4166666666667,7.012499999999999,14.695833333333336,0.6041666666666666,1.7416666666666665,6.404166666666666,12.929166666666667,3.054166666666667,4.879166666666666,5.120833333333334,10.070833333333333,15.179166666666664,3.2916666666666665,1.4458333333333335,1.9958333333333331,2.9666666666666663,6.0625,17.662499999999998,106.5,104.875,6.629166666666667,0.9107916666666668,0.5819583333333332,0.1523333333333333,0.0567083333333333,0.119375,0.08925,0.4993749999999999,0.5982500000000001,0.295375,0.4170416666666667,0.2791666666666666,0.069,0.6478333333333333,0.188125,0.152125,39.54166666666666,0.0420416666666666,0.0579583333333333,0.25,0.0,14.770833333333334,0.08925,0.3564166666666666,11.166666666666666,22.09166666666667,16.604166666666668,10.058333333333334,1.4458333333333335,3.045833333333333,15.108333333333334,17.304166666666664,1.4041666666666668,1.7875000000000003,3.1875,0.0997916666666666,-1.3208333333333335,0.4208333333333334,-0.9083333333333332,0.8249999999999998,83.20833333333333,246.54166666666663,0,0,0,0,1
Enrique Freeman,50.06,39.64,1405.68,8.706000000000001,16.994,0.75,2.344,7.953999999999999,14.658,4.032,5.876,3.936,10.806,14.738,5.32,1.146,1.672,3.53,5.513999999999999,22.196,110.82,107.72,7.478,0.8741800000000001,0.46108,0.27602,0.0587,0.0783399999999999,0.12582,0.5434,0.6747799999999999,0.4170199999999999,0.30132,0.31882,0.24922,0.5954600000000001,0.56686,0.1284,50.18,0.1724,0.15654,0.46,0.0,17.285999999999998,0.12582,0.3276399999999999,8.824,24.31,16.558,16.8,1.146,2.826,16.428,20.384,2.424,1.808,4.214,0.12474,0.1659999999999999,0.858,1.026,1.54,82.86,249.4,0,0,1,1,0
Grant Nelson,41.1578947368421,18.894736842105264,795.5263157894736,8.457894736842105,19.957894736842103,2.789473684210526,8.073684210526315,5.684210526315789,11.884210526315789,3.2526315789473683,4.2631578947368425,2.294736842105263,7.973684210526314,10.263157894736844,2.647368421052632,1.5736842105263158,1.9789473684210528,2.778947368421053,6.5210526315789465,22.931578947368426,103.21052631578948,106.57894736842104,14.79473684210526,0.5936842105263158,0.214,0.1865263157894736,0.0953684210526315,0.0979999999999999,0.4063157894736842,0.4756315789473683,0.6270526315789474,0.3819473684210526,0.3960000000000001,0.2757368421052632,0.3379473684210526,0.5654210526315789,0.9686315789473684,0.047578947368421,17.42105263157895,0.237578947368421,0.2754210526315789,1.105263157894737,0.0,13.373684210526315,0.4063157894736842,0.2083157894736841,5.08421052631579,17.873684210526314,11.431578947368422,8.231578947368419,1.5736842105263158,3.4473684210526314,11.605263157894736,21.6,0.4526315789473684,1.0789473684210529,1.5473684210526313,0.0749473684210526,-1.863157894736842,0.0789473684210526,-1.7684210526315791,0.3263157894736843,82.3157894736842,230.3684210526316,0,0,1,1,0
Harrison Ingram,52.0,24.88888888888889,1392.388888888889,6.783333333333333,14.955555555555556,1.5944444444444446,4.761111111111111,5.177777777777777,10.211111111111112,2.305555555555556,3.1222222222222222,2.377777777777778,6.01111111111111,8.394444444444444,3.4555555555555557,1.4944444444444445,0.6666666666666666,2.0055555555555555,3.566666666666667,17.5,109.16666666666669,109.77777777777776,11.81111111111111,0.7004444444444444,0.3872222222222223,0.1253888888888888,0.0618333333333333,0.1261666666666666,0.2995555555555556,0.5033888888888889,0.6711111111111111,0.2929444444444444,0.3830555555555556,0.3122777777777777,0.3163333333333333,0.5775,0.9413888888888888,0.0672777777777777,28.72222222222222,0.4303888888888889,0.3690555555555555,0.8333333333333334,0.0,12.772222222222222,0.2995555555555556,0.2111111111111111,5.277777777777777,13.505555555555556,9.35,10.694444444444445,1.4944444444444445,1.0277777777777777,10.577777777777778,16.055555555555557,2.1500000000000004,1.0055555555555555,3.155555555555555,0.0827777777777777,-0.3222222222222223,-0.3722222222222223,-0.6944444444444444,0.9555555555555556,80.44444444444444,220.16666666666663,0,0,1,1,0
Isaac Jones,53.54054054054054,10.108108108108109,1071.7567567567569,7.232432432432433,16.210810810810813,2.051351351351351,5.88918918918919,5.183783783783783,10.308108108108108,2.151351351351351,2.872972972972973,2.589189189189189,7.283783783783784,9.872972972972974,2.348648648648649,1.156756756756757,0.7135135135135136,1.7972972972972974,4.0,18.683783783783785,108.2162162162162,110.13513513513512,14.759459459459457,0.6118378378378379,0.215,0.1546486486486486,0.1115405405405405,0.129081081081081,0.3881621621621621,0.4937297297297298,0.6479459459459459,0.3935135135135135,0.3967567567567567,0.3773783783783783,0.3178108108108108,0.6736756756756758,0.9043243243243244,0.0515675675675675,16.864864864864863,0.3449459459459459,0.3305135135135135,0.5675675675675675,0.027027027027027,12.23243243243243,0.3881621621621621,0.1715135135135135,5.81081081081081,16.22972972972973,11.05945945945946,7.148648648648648,1.156756756756757,1.1378378378378378,9.248648648648649,17.045945945945945,0.9972972972972972,0.9324324324324328,1.932432432432432,0.0799189189189189,-0.9324324324324323,-0.7351351351351351,-1.6648648648648647,0.2162162162162162,79.70270270270271,234.64864864864865,0,0,1,1,0
Jalen Bridges,60.64,44.2,1589.36,6.531999999999999,15.384,3.632000000000001,9.56,2.9040000000000004,5.824000000000001,1.98,2.428,1.58,5.28,6.86,2.78,1.7040000000000004,1.0,1.856,3.3960000000000004,18.668,110.88,111.36,18.44,0.3682,0.15972,0.1007599999999999,0.05044,0.05692,0.6318,0.4984,0.6471600000000001,0.39044,0.35068,0.39788,0.37848,0.62788,0.9428,0.02164,10.52,0.35316,0.4074799999999999,1.88,0.0,12.164,0.6318,0.15028,3.556,11.916,7.74,8.052,1.7080000000000002,1.6200000000000003,10.292,16.256,1.428,1.6759999999999995,3.1,0.08768,-0.204,0.1239999999999999,-0.0679999999999999,0.948,78.24,218.12,0,0,1,1,0
Jamal Shead,59.76470588235294,19.647058823529413,1265.470588235294,5.470588235294118,13.71764705882353,2.3529411764705883,6.594117647058823,3.117647058823529,7.123529411764705,1.611764705882353,2.1294117647058823,0.8882352941176471,4.029411764705882,4.917647058823529,7.576470588235293,1.6941176470588233,0.1647058823529411,2.847058823529412,3.664705882352941,14.905882352941177,104.82352941176472,108.23529411764706,17.241176470588233,0.5126470588235295,0.2090588235294117,0.0909411764705882,0.0481176470588235,0.1645882352941176,0.4873529411764706,0.4397058823529412,0.5294705882352941,0.3212941176470588,0.3177058823529411,0.3901176470588235,0.3381764705882353,0.308,0.7740588235294117,0.0035882352941176,0.3529411764705882,0.1977647058823529,0.3445294117647059,1.7647058823529411,0.0588235294117647,10.43529411764706,0.4873529411764706,0.1658235294117647,1.9764705882352944,8.83529411764706,5.435294117647059,22.02352941176471,1.6941176470588233,0.2588235294117647,17.158823529411762,15.352941176470589,1.0529411764705885,1.1764705882352942,2.2294117647058824,0.0723529411764705,-1.8941176470588232,0.1941176470588235,-1.7,0.2941176470588235,73.23529411764706,189.41176470588235,1,1,0,0,0
Jared McCain,48.22222222222222,13.0,939.5555555555557,6.196296296296295,15.407407407407408,3.2962962962962967,8.881481481481481,2.8962962962962964,6.507407407407408,1.5111111111111113,1.937037037037037,1.0333333333333332,4.562962962962962,5.592592592592592,2.7777777777777777,1.4333333333333338,0.4111111111111111,1.6740740740740745,3.3592592592592587,17.207407407407405,106.03703703703704,113.48148148148148,18.62962962962963,0.4255925925925926,0.1374814814814814,0.0875555555555555,0.0523333333333333,0.1482962962962963,0.5744074074074074,0.4569259259259259,0.6422962962962963,0.3368888888888889,0.3783703703703703,0.3358518518518519,0.3693703703703704,0.6178888888888889,0.9116296296296296,0.0208148148148148,5.185185185185185,0.2642222222222222,0.3641111111111111,0.3333333333333333,0.0,9.785185185185188,0.5744074074074074,0.128037037037037,2.3222222222222224,10.281481481481478,6.27037037037037,8.070370370370371,1.4333333333333338,0.7185185185185186,9.411111111111111,15.72222222222222,0.5925925925925926,0.5111111111111112,1.1074074074074074,0.051037037037037,-1.7296296296296296,-0.7185185185185184,-2.437037037037037,0.0185185185185185,76.4074074074074,207.92592592592592,1,1,0,0,0
Jaylen Wells,47.793103448275865,6.275862068965517,739.2413793103449,6.444827586206896,15.172413793103448,3.810344827586207,9.420689655172415,2.644827586206896,5.737931034482759,1.693103448275862,2.2448275862068967,1.2862068965517244,5.193103448275863,6.468965517241379,1.603448275862069,0.9172413793103448,0.5724137931034483,1.2862068965517244,3.955172413793103,18.393103448275863,112.82758620689656,111.41379310344828,19.58620689655172,0.3737931034482759,0.1066206896551724,0.0833793103448276,0.0510344827586206,0.1328275862068965,0.6262068965517241,0.4415862068965517,0.4651724137931035,0.3596551724137931,0.3294137931034482,0.334,0.3894827586206896,0.6951379310344827,0.9533448275862068,0.0294827586206896,6.793103448275862,0.3341724137931035,0.423206896551724,0.3448275862068966,0.0,10.93793103448276,0.6262068965517241,0.1516206896551724,2.831034482758621,11.472413793103447,7.16896551724138,4.70344827586207,0.9172413793103448,0.8862068965517241,7.358620689655172,15.289655172413797,0.7620689655172413,0.4724137931034483,1.2379310344827583,0.0858275862068965,-0.3275862068965517,-0.9793103448275862,-1.289655172413793,0.0999999999999999,80.0,224.3793103448276,0,0,1,1,0
Johnny Furphy,48.7,7.0,886.2,5.735,15.135,3.075,9.075,2.66,6.045,1.47,1.78,1.035,6.0,7.029999999999999,2.885,1.4,0.6500000000000001,1.82,4.3,16.020000000000003,102.85,110.1,19.205,0.3954999999999999,0.1265,0.0739499999999999,0.0593,0.1359,0.6044999999999999,0.47275,0.5982,0.3128499999999999,0.3714499999999999,0.37245,0.34435,0.6149000000000001,0.8993500000000001,0.01415,3.45,0.30555,0.3569,1.05,0.0,9.045000000000002,0.6044999999999999,0.1252,2.325,13.245,7.814999999999999,8.375,1.4,1.085,10.545,15.645,0.32,0.7050000000000001,1.02,0.0486,-2.34,-0.21,-2.55,-0.065,77.15,215.5,1,1,0,0,0
Justin Edwards,55.72093023255814,25.046511627906977,1493.2558139534883,8.04186046511628,18.52325581395349,3.237209302325581,8.769767441860465,4.809302325581395,9.746511627906978,2.9627906976744187,3.532558139534883,0.8372093023255814,4.786046511627907,5.630232558139535,4.127906976744186,1.6372093023255816,0.6744186046511628,2.4348837209302325,3.755813953488371,22.2953488372093,108.30232558139537,112.18604651162792,17.523255813953487,0.5130232558139536,0.1492093023255814,0.1041395348837209,0.1117674418604651,0.147953488372093,0.4869767441860465,0.4984651162790698,0.6472790697674419,0.399906976744186,0.4332093023255813,0.4501162790697675,0.3696511627906976,0.4973023255813953,0.838046511627907,0.0322558139534883,20.25581395348837,0.2030232558139535,0.4136511627906976,1.302325581395349,0.0232558139534883,12.990697674418604,0.4869767441860465,0.1826744186046511,1.8627906976744188,10.816279069767443,6.313953488372093,12.816279069767443,1.6395348837209305,1.1674418604651164,10.765116279069764,19.93720930232558,1.158139534883721,1.2116279069767442,2.369767441860465,0.0739302325581395,-0.4232558139534884,-0.2720930232558139,-0.7046511627906976,0.5744186046511627,78.11627906976744,205.0,1,1,0,0,0
KJ Simpson,52.325,28.375,1323.425,8.465,19.99,3.155,8.582500000000001,5.32,11.4025,3.2275,3.9675,0.92,4.097500000000001,5.015,7.735000000000001,1.65,0.5125,3.7225,3.94,23.3425,106.05,111.2,16.1475,0.576825,0.1952,0.128475,0.107425,0.145625,0.4231749999999999,0.46585,0.5807,0.37855,0.432225,0.4112249999999999,0.366875,0.25415,0.690125,0.0069249999999999,2.625,0.177925,0.408325,2.425,0.075,14.1225,0.4231749999999999,0.1948,2.0775,9.1475,5.6125,24.89,1.65,0.8175000000000001,14.669999999999998,22.415,1.0875,1.01,2.0975,0.0716499999999999,0.4475,-0.705,-0.2574999999999999,0.7,74.25,178.35,1,1,0,0,0
Keshad Johnson,54.588235294117645,22.764705882352946,1196.3529411764705,7.523529411764706,17.082352941176474,1.9705882352941175,6.029411764705881,5.558823529411765,11.070588235294116,2.7764705882352945,3.952941176470589,2.5294117647058822,7.252941176470589,9.776470588235297,2.7588235294117647,0.9470588235294118,1.0647058823529412,2.8411764705882345,4.911764705882354,19.794117647058822,102.47058823529412,112.11764705882354,13.241176470588234,0.6611176470588236,0.2936470588235295,0.1744705882352941,0.0834705882352941,0.1094705882352941,0.3388823529411764,0.508764705882353,0.6592941176470588,0.4152941176470589,0.4001764705882352,0.3259411764705882,0.29,0.6016470588235294,0.831529411764706,0.0815294117647058,23.0,0.2784117647058823,0.2928823529411764,1.0,0.1176470588235294,10.94705882352941,0.3388823529411764,0.2391764705882353,5.735294117647059,16.170588235294115,10.994117647058822,8.458823529411765,0.9470588235294118,1.8176470588235292,13.152941176470588,19.241176470588236,0.2411764705882353,1.0470588235294118,1.2882352941176471,0.0411176470588235,-2.288235294117647,-1.0058823529411764,-3.2764705882352945,0.1058823529411764,79.82352941176471,228.05882352941177,0,0,1,1,0
Kevin McCullar Jr.,54.02325581395349,28.837209302325583,1337.5813953488373,6.68139534883721,15.690697674418605,2.167441860465116,6.272093023255814,4.516279069767442,9.418604651162791,2.5558139534883724,3.2837209302325587,1.6069767441860463,6.004651162790697,7.609302325581395,5.5488372093023255,1.8023255813953485,0.9023255813953488,2.472093023255814,4.3023255813953485,18.06511627906977,109.23255813953487,111.86046511627907,14.01627906976744,0.5854883720930232,0.245046511627907,0.2164186046511627,0.0719767441860465,0.0521860465116279,0.4145116279069767,0.4791395348837209,0.6220232558139535,0.3914883720930232,0.3641395348837209,0.3348837209302325,0.3357906976744186,0.4272558139534883,0.8323720930232557,0.0301395348837209,11.976744186046512,0.3088139534883721,0.3813953488372092,1.1162790697674418,0.0232558139534883,12.309302325581394,0.4145116279069767,0.2084418604651163,3.655813953488372,13.465116279069768,8.588372093023256,15.999999999999998,1.8023255813953485,1.5744186046511626,12.62325581395349,17.28372093023256,1.072093023255814,1.2534883720930234,2.337209302325581,0.0775581395348837,-1.1744186046511629,0.4279069767441859,-0.7488372093023257,0.4930232558139534,75.6046511627907,189.46511627906975,1,1,0,0,0
Kyle Filipowski,22.857142857142858,1.5714285714285714,195.57142857142856,6.257142857142857,17.7,0.6,2.2,5.6571428571428575,15.5,2.271428571428572,3.5571428571428565,3.7857142857142856,7.357142857142856,11.1,3.0,1.3714285714285714,1.6142857142857143,3.1,7.257142857142857,15.414285714285716,87.0,106.42857142857144,12.285714285714288,0.8814285714285715,0.2592857142857143,0.1317142857142857,0.1708571428571428,0.3195714285714285,0.1185714285714285,0.3792857142857143,0.4795714285714285,0.2922857142857142,0.305,0.2305714285714285,0.0612857142857142,0.6204285714285714,0.131,0.0325714285714285,2.142857142857143,0.267,0.0667142857142857,0.0,0.0,7.5,0.1185714285714285,0.2061428571428571,8.3,16.185714285714287,12.214285714285714,9.157142857142858,1.3714285714285714,2.271428571428572,14.12857142857143,19.4,-0.1285714285714286,0.2142857142857142,0.0571428571428571,-0.0199999999999999,-5.342857142857143,-0.5428571428571429,-5.8571428571428585,-0.1285714285714286,81.0,252.7142857142857,0,0,0,0,1
Melvin Ajinca,56.23684210526316,26.18421052631579,1461.842105263158,7.989473684210527,18.76578947368421,3.2394736842105263,8.984210526315787,4.763157894736842,9.773684210526318,3.297368421052632,4.007894736842105,1.2210526315789476,5.46578947368421,6.699999999999999,3.3868421052631583,1.407894736842105,0.4868421052631579,2.228947368421053,3.3421052631578947,22.528947368421044,107.97368421052632,113.15789473684212,16.973684210526315,0.5061842105263158,0.1747368421052631,0.1188421052631578,0.0916842105263157,0.1207894736842105,0.4938157894736841,0.4785526315789474,0.6603421052631578,0.3960526315789474,0.3500789473684211,0.3667105263157894,0.3586842105263157,0.5274736842105263,0.8189736842105263,0.0443684210526315,24.394736842105264,0.2468684210526316,0.3828421052631579,1.8421052631578947,0.0263157894736842,12.80263157894737,0.4938157894736841,0.2095263157894736,2.7236842105263164,12.392105263157896,7.51578947368421,10.776315789473689,1.407894736842105,0.8500000000000001,9.452631578947363,20.163157894736845,1.2,1.073684210526316,2.276315789473684,0.0692105263157894,-0.3578947368421053,-0.8421052631578947,-1.2157894736842103,0.5236842105263156,78.28947368421052,212.10526315789477,0,0,1,1,0
N'Faly Dante,45.458333333333336,16.0,928.5416666666666,9.420833333333333,17.429166666666664,0.1416666666666666,0.5208333333333334,9.270833333333334,16.900000000000002,4.308333333333334,6.391666666666667,3.65,7.3,10.945833333333333,3.0041666666666664,0.9541666666666666,1.6458333333333333,3.2625000000000006,5.6000000000000005,23.316666666666663,108.83333333333331,110.08333333333331,5.420833333333333,0.9714166666666668,0.4635833333333334,0.3627499999999999,0.1105416666666666,0.0345416666666666,0.0285833333333333,0.5429166666666666,0.6677916666666666,0.4298333333333333,0.4075416666666666,0.2999166666666666,0.1607916666666666,0.5637500000000001,0.4870833333333333,0.1091666666666666,35.25,0.1855,0.1635,0.0833333333333333,0.0,15.558333333333335,0.0285833333333333,0.3664166666666666,8.070833333333333,16.474999999999998,12.245833333333332,10.004166666666666,0.9541666666666666,2.7000000000000006,14.079166666666666,20.6375,1.2833333333333334,0.9208333333333334,2.2125,0.0924166666666666,-0.8916666666666667,-0.2083333333333333,-1.0958333333333332,0.5375000000000001,81.0,259.4166666666667,0,0,0,0,1
Nikola Djurisic,47.36363636363637,31.045454545454547,1207.2272727272727,7.959090909090909,19.25,2.172727272727273,6.00909090909091,5.795454545454546,13.25,3.8454545454545457,4.759090909090909,0.9363636363636364,5.527272727272727,6.45909090909091,6.336363636363637,1.85,0.4499999999999999,3.8409090909090895,4.827272727272727,21.945454545454545,99.36363636363636,110.13636363636364,13.813636363636364,0.698590909090909,0.2279090909090909,0.1790454545454545,0.1301363636363636,0.1615909090909091,0.3014090909090909,0.4370454545454544,0.5765,0.3779545454545455,0.4094090909090909,0.3359090909090909,0.3473636363636363,0.3926818181818181,0.7090909090909091,0.0185454545454545,7.409090909090909,0.2011818181818181,0.3304545454545454,0.4545454545454545,0.0,11.927272727272726,0.3014090909090909,0.2477727272727272,2.109090909090909,12.127272727272729,7.186363636363637,19.622727272727268,1.85,0.7772727272727273,15.359090909090908,22.32272727272727,1.1954545454545455,1.181818181818182,2.3681818181818186,0.0406818181818181,-2.1681818181818184,-0.5272727272727272,-2.704545454545454,0.5363636363636364,77.0,205.9090909090909,0,0,1,1,0
Nikola Topic,40.76923076923077,5.0,631.0,6.276923076923078,17.03846153846154,1.6,4.938461538461539,4.684615384615385,12.123076923076924,2.8076923076923075,3.907692307692308,0.8230769230769232,4.030769230769231,4.846153846153847,6.407692307692307,1.7230769230769232,0.5615384615384615,3.976923076923077,5.146153846153846,16.98461538461538,90.6153846153846,112.3846153846154,12.515384615384615,0.7119999999999999,0.2956153846153846,0.2061538461538461,0.0786153846153846,0.1316923076923077,0.288,0.4012307692307691,0.5403076923076923,0.3494615384615385,0.3214615384615384,0.2585384615384615,0.311,0.344,0.6653076923076924,0.0191538461538461,2.8461538461538463,0.1571538461538461,0.2596153846153846,0.5384615384615384,0.0,7.300000000000001,0.288,0.227,1.8384615384615384,9.007692307692308,5.415384615384616,19.084615384615383,1.7230769230769232,0.953846153846154,17.346153846153847,20.09230769230769,-0.4076923076923076,0.3615384615384616,-0.0692307692307692,-0.0289999999999999,-4.8769230769230765,-1.023076923076923,-5.915384615384616,-0.4461538461538461,74.0,190.15384615384616,1,1,0,0,0
Oso Ighodaro,59.78125,19.0,1358.53125,9.2125,16.440624999999997,0.08125,0.384375,9.134375,16.053125,4.115625,5.971875,4.278124999999999,8.415625,12.6875,3.428125,1.4562499999999998,1.16875,2.765625,4.69375,22.65625,116.125,107.6875,5.39375,0.97478125,0.5814062499999999,0.2095,0.0759375,0.10803125,0.02525,0.5704687500000001,0.68653125,0.4052187499999999,0.3434062499999999,0.31959375,0.11596875,0.657375,0.36978125,0.181375,65.6875,0.188875,0.1888125,0.59375,0.0,18.271875,0.02525,0.36921875,9.49375,18.734375,14.1125,11.134375,1.4562499999999998,1.9375,12.94375,19.259375,2.871875,1.45625,4.328125,0.145375,0.85,0.14375,0.9875,1.13125,80.125,239.4375,0,0,1,1,0
PJ Hall,60.60714285714285,25.642857142857142,1293.75,7.57857142857143,17.58214285714286,2.325,6.371428571428572,5.239285714285714,11.214285714285712,3.975,5.075,1.2464285714285714,6.157142857142858,7.4071428571428575,3.3285714285714283,1.4035714285714287,0.7071428571428571,2.5500000000000003,5.235714285714287,21.442857142857143,104.35714285714286,109.03571428571428,13.903571428571428,0.6584642857142857,0.2537142857142856,0.1597142857142857,0.0940357142857143,0.1510714285714285,0.3415357142857142,0.4719285714285713,0.641392857142857,0.4068571428571429,0.2988571428571428,0.2832142857142857,0.329,0.5235714285714285,0.8281071428571428,0.0404285714285714,22.714285714285715,0.4679285714285714,0.3633571428571428,0.5,0.0,11.846428571428572,0.3415357142857142,0.3074642857142857,2.814285714285714,13.517857142857142,8.246428571428572,10.367857142857144,1.4035714285714287,1.1428571428571428,11.403571428571428,19.8,1.3428571428571432,1.5214285714285716,2.8535714285714286,0.0748214285714285,-1.567857142857143,-0.1107142857142857,-1.6857142857142855,0.7321428571428571,78.71428571428571,223.39285714285717,0,0,1,1,0
Pacome Dadiet,46.27777777777778,17.055555555555557,1046.888888888889,7.23888888888889,16.650000000000002,2.1944444444444446,6.094444444444445,5.033333333333333,10.555555555555555,3.2222222222222228,4.455555555555555,1.3666666666666665,6.3,7.672222222222222,4.355555555555554,1.6666666666666663,0.3833333333333333,2.2666666666666666,3.8277777777777775,19.938888888888886,106.66666666666669,111.22222222222224,12.488888888888887,0.6716666666666665,0.287,0.2274444444444444,0.0918888888888888,0.0654444444444444,0.3283333333333333,0.4722222222222222,0.6133888888888889,0.3592777777777778,0.3297222222222222,0.319,0.3303333333333333,0.5302222222222223,0.7964444444444444,0.0615555555555555,12.22222222222222,0.3893888888888888,0.3249444444444444,0.5,0.0,12.477777777777778,0.3283333333333333,0.2631666666666666,3.0166666666666666,14.33888888888889,8.605555555555556,13.211111111111112,1.6666666666666663,0.6666666666666666,11.45,18.30555555555556,1.1055555555555556,0.8944444444444445,2.0,0.0752777777777777,-1.0555555555555558,-0.1222222222222222,-1.1666666666666667,0.4444444444444444,76.77777777777777,201.38888888888889,0,0,1,1,0
Pelle Larsson,48.71428571428572,16.428571428571427,1010.7142857142856,6.60952380952381,15.266666666666667,3.0619047619047626,8.195238095238093,3.552380952380952,7.07142857142857,1.9809523809523808,2.6,1.1619047619047618,5.204761904761905,6.347619047619048,3.495238095238095,1.1952380952380952,0.4285714285714286,2.209523809523809,4.3047619047619055,18.24285714285714,107.04761904761904,113.38095238095238,16.4047619047619,0.4529523809523809,0.2208095238095238,0.1231428571428571,0.0669047619047619,0.0421904761904761,0.5470476190476191,0.5008095238095238,0.6042380952380951,0.3721904761904761,0.4148095238095238,0.3218571428571428,0.3654761904761904,0.6433333333333334,0.8932857142857143,0.013047619047619,3.0476190476190474,0.3323809523809523,0.401047619047619,0.5714285714285714,0.0,10.366666666666664,0.5470476190476191,0.1653333333333333,2.6095238095238096,11.514285714285714,7.095238095238095,10.576190476190474,1.1952380952380952,0.7476190476190476,12.004761904761905,16.57619047619048,0.8571428571428573,0.7047619047619046,1.5761904761904764,0.0583333333333333,-1.8333333333333333,-0.6095238095238095,-2.4428571428571426,0.1095238095238095,76.47619047619048,214.04761904761904,1,1,0,0,0
Reece Beekman,54.93333333333333,23.4,1228.6,7.066666666666666,16.1,1.76,5.08,5.293333333333334,11.026666666666667,2.006666666666667,2.506666666666667,0.8399999999999999,4.1466666666666665,4.986666666666666,7.913333333333333,1.7866666666666666,0.3333333333333333,1.913333333333333,2.3,17.92666666666667,113.4,115.33333333333331,14.266666666666667,0.6855999999999999,0.1814,0.1972,0.1790666666666666,0.128,0.3144,0.4821333333333333,0.6604000000000002,0.3747333333333333,0.4528000000000001,0.3962,0.3534,0.3603333333333333,0.7859333333333333,0.0031333333333333,0.6,0.2848,0.3938,1.2666666666666666,0.0,12.993333333333332,0.3144,0.1589333333333333,1.893333333333333,9.346666666666666,5.653333333333334,22.906666666666663,1.7866666666666666,0.62,9.879999999999995,16.886666666666667,1.633333333333333,0.8133333333333334,2.46,0.0804,-1.1666666666666667,-0.3266666666666666,-1.5,0.3866666666666667,73.33333333333333,182.06666666666663,1,1,0,0,0
Reed Sheppard,55.41666666666666,21.166666666666668,1275.5416666666667,5.941666666666666,14.65,2.2333333333333334,6.454166666666667,3.6916666666666655,8.200000000000001,2.579166666666666,3.341666666666667,0.8375,4.175,5.004166666666667,7.129166666666666,2.6125,0.3916666666666666,3.2541666666666664,4.7625,16.708333333333332,102.70833333333331,108.125,15.604166666666666,0.5673333333333334,0.2408749999999999,0.1121666666666666,0.0621249999999999,0.1522083333333333,0.4326666666666667,0.449375,0.569125,0.3155833333333333,0.3000416666666667,0.3620416666666666,0.3314166666666667,0.3826666666666666,0.8225000000000001,0.0056666666666666,1.5833333333333333,0.2136249999999999,0.3601666666666666,1.75,0.0416666666666666,11.987500000000002,0.4326666666666667,0.226625,1.8416666666666668,9.4625,5.616666666666667,20.991666666666664,2.6125,0.6166666666666666,17.1125,16.90833333333333,0.9458333333333334,1.2083333333333333,2.1333333333333333,0.066875,-1.5333333333333332,0.3625,-1.1666666666666667,0.4041666666666666,72.625,184.79166666666663,1,1,0,0,0
Rob Dillingham,54.32142857142857,14.964285714285714,1102.25,7.742857142857142,18.432142857142857,2.610714285714285,7.285714285714285,5.146428571428572,11.146428571428574,2.446428571428572,3.0142857142857133,1.032142857142857,3.464285714285714,4.500000000000001,6.546428571428572,1.6,0.4214285714285713,3.207142857142857,4.707142857142857,20.560714285714283,103.78571428571428,111.03571428571428,15.132142857142856,0.6086785714285714,0.1972142857142857,0.1925357142857142,0.0980714285714285,0.121,0.3913214285714286,0.4634642857142858,0.5587142857142857,0.4164642857142857,0.4516428571428571,0.40775,0.3617499999999999,0.2748571428571428,0.7463571428571429,0.00375,1.6071428571428572,0.21125,0.4130357142857144,2.357142857142857,0.0714285714285714,11.992857142857146,0.3913214285714286,0.1592499999999999,2.3035714285714284,7.614285714285715,4.978571428571428,20.192857142857143,1.6,0.6821428571428573,13.842857142857142,20.189285714285717,0.725,0.6928571428571428,1.4035714285714285,0.0570357142857142,-1.192857142857143,-0.7321428571428573,-1.925,0.1107142857142857,73.42857142857143,175.5,1,1,0,0,0
Ryan Dunn,58.42307692307692,39.07692307692308,1337.6153846153843,6.988461538461538,12.2,0.0769230769230769,0.3,6.903846153846154,11.892307692307694,2.4384615384615382,4.280769230769232,5.134615384615385,9.088461538461535,14.211538461538462,2.996153846153846,1.4961538461538464,2.196153846153846,2.411538461538462,4.842307692307692,16.49615384615385,117.3076923076923,107.96153846153848,4.353846153846154,0.9736538461538462,0.6248846153846154,0.2454230769230769,0.0601538461538461,0.0429230769230769,0.0263461538461538,0.5816923076923077,0.6859230769230769,0.4148076923076922,0.4138846153846154,0.2116923076923076,0.1258846153846154,0.7104615384615385,0.3557692307692308,0.237,71.84615384615384,0.2116538461538461,0.0555384615384615,0.6153846153846154,0.0384615384615384,16.11923076923077,0.0263461538461538,0.3580384615384615,11.496153846153849,20.31538461538461,15.907692307692308,8.776923076923078,1.5000000000000002,3.888461538461539,14.842307692307694,14.565384615384614,2.1807692307692306,1.7615384615384615,3.934615384615384,0.1315769230769231,-0.7230769230769231,0.7307692307692307,0.0,0.8269230769230768,82.84615384615384,246.30769230769232,1,1,0,0,0
Stephon Castle,53.55555555555556,25.0,1245.1666666666667,7.688888888888887,16.23888888888889,1.511111111111111,4.405555555555556,6.177777777777778,11.827777777777778,3.511111111111111,4.911111111111111,2.011111111111111,6.305555555555555,8.322222222222221,3.2277777777777783,1.4500000000000002,0.6777777777777777,2.283333333333333,5.061111111111112,20.399999999999995,110.27777777777776,113.66666666666669,11.45,0.7260555555555555,0.3275555555555555,0.2037777777777777,0.1133888888888888,0.0812222222222222,0.2739444444444444,0.521,0.6759444444444443,0.3982222222222222,0.3545,0.3921111111111111,0.3289999999999999,0.5484444444444444,0.9072222222222224,0.0788333333333333,27.72222222222222,0.4468888888888888,0.3300555555555556,0.8888888888888888,0.1666666666666666,12.37222222222222,0.2739444444444444,0.2978333333333334,4.488888888888888,14.166666666666666,9.316666666666668,9.81111111111111,1.4500000000000002,1.188888888888889,10.988888888888887,18.30555555555556,0.95,0.9611111111111114,1.8944444444444448,0.0718888888888888,-1.927777777777778,-0.3,-2.227777777777778,-0.0444444444444444,77.88888888888889,211.05555555555557,1,1,0,0,0
Terrence Shannon Jr.,53.36363636363637,17.272727272727273,1262.1818181818182,6.4818181818181815,15.72272727272727,2.222727272727273,6.563636363636363,4.2681818181818185,9.154545454545454,2.577272727272728,3.759090909090909,0.85,3.9818181818181824,4.827272727272727,4.672727272727273,1.5590909090909093,0.4045454545454546,2.318181818181818,4.290909090909091,17.75909090909091,103.1818181818182,112.86363636363636,14.504545454545456,0.5680454545454545,0.2446818181818182,0.1848181818181818,0.0614090909090909,0.0772272727272727,0.4319545454545453,0.4786363636363636,0.6286363636363637,0.3644090909090909,0.3282272727272727,0.4288636363636364,0.333,0.3483181818181818,0.8169545454545454,0.0147727272727272,5.545454545454546,0.2691818181818182,0.3633181818181818,0.9090909090909092,0.0,9.986363636363638,0.4319545454545453,0.2314090909090908,1.9090909090909087,8.904545454545454,5.413636363636363,13.709090909090907,1.5590909090909093,0.6681818181818181,11.509090909090908,17.422727272727272,0.2454545454545454,0.7136363636363636,0.959090909090909,0.0408636363636363,-2.390909090909091,-0.5818181818181818,-2.972727272727273,-0.3409090909090909,75.86363636363636,198.6818181818182,1,1,0,0,0
Tidjane Salaun,53.5,35.57692307692308,1434.9615384615386,8.115384615384615,18.596153846153847,2.765384615384615,7.488461538461539,5.3500000000000005,11.11153846153846,3.6692307692307695,4.5115384615384615,1.373076923076923,6.1,7.480769230769231,4.157692307692308,1.619230769230769,0.4730769230769232,2.6884615384615387,4.265384615384615,22.661538461538463,107.5,111.6153846153846,15.319230769230767,0.5951923076923077,0.2032692307692307,0.1516923076923076,0.1066538461538461,0.1334615384615384,0.4048076923076923,0.4786538461538461,0.6257307692307692,0.3983076923076923,0.3597307692307693,0.3586153846153846,0.3691153846153846,0.4962307692307692,0.8701538461538461,0.0286538461538461,12.115384615384617,0.327423076923077,0.4030384615384615,1.3461538461538465,0.0,13.27692307692308,0.4048076923076923,0.2422307692307692,3.076923076923077,13.630769230769232,8.384615384615385,12.934615384615386,1.619230769230769,0.8269230769230769,11.484615384615385,20.607692307692307,1.6884615384615382,1.2807692307692309,2.9692307692307693,0.0797692307692307,-0.6692307692307693,-0.4153846153846154,-1.080769230769231,0.7192307692307691,78.73076923076923,223.03846153846155,0,0,1,1,0
Trey Alexander,47.16,21.4,1188.84,8.408000000000001,20.1,2.8,8.344,5.596,11.764,3.176,4.256,1.152,5.3,6.456,6.232,1.668,0.748,3.1,3.8600000000000008,22.772,104.0,113.52,14.888000000000002,0.56608,0.2150399999999999,0.18892,0.10352,0.05884,0.43396,0.47252,0.60232,0.35688,0.4294,0.4006,0.3355999999999999,0.36148,0.7314400000000001,0.0237999999999999,12.08,0.20444,0.35076,1.12,0.04,12.675999999999998,0.43396,0.20812,2.632,11.896,7.276000000000002,19.388,1.668,1.344,12.328,22.224,0.2239999999999999,1.04,1.276,0.04844,-1.172,-0.34,-1.508,0.216,77.56,205.72,1,1,0,0,0
Tristen Newton,49.75,18.025,1129.475,7.904999999999999,20.055,1.96,5.7625,5.9425,14.305,2.5725,3.19,1.29,5.220000000000001,6.494999999999999,8.454999999999998,1.6075000000000004,0.2575,3.6825,4.01,20.34,98.025,109.05,15.27,0.6941249999999999,0.1941,0.1165249999999999,0.120825,0.2628999999999999,0.3059,0.43665,0.4959999999999999,0.3772,0.44085,0.382775,0.302825,0.31335,0.6353500000000001,0.0004,0.1,0.1776,0.329875,1.825,0.1,12.4025,0.3059,0.1691,2.8325000000000005,11.607500000000002,7.217500000000001,27.085,1.6024999999999998,0.375,15.002499999999998,22.0575,0.6575,0.7625,1.41,0.0334999999999999,-1.1225,-1.27,-2.4,0.1999999999999999,74.7,202.175,1,1,0,0,0
Tyler Kolek,57.54166666666666,34.604166666666664,1590.4583333333333,6.052083333333333,14.777083333333332,2.1979166666666665,6.25,3.858333333333333,8.533333333333333,2.552083333333333,3.1854166666666663,0.6625000000000001,4.1375,4.8,9.802083333333334,1.575,0.2708333333333333,3.5104166666666665,3.533333333333333,16.847916666666666,105.4375,109.72916666666669,17.210416666666667,0.5513333333333333,0.17825,0.0946875,0.076125,0.2023541666666667,0.4486666666666667,0.4416041666666667,0.5439166666666666,0.3869166666666666,0.3533333333333333,0.4147708333333333,0.3472916666666667,0.3261458333333333,0.7602708333333333,0.0050625,2.1041666666666665,0.2179166666666666,0.3720416666666666,3.0,0.125,12.664583333333336,0.4486666666666667,0.1955,1.4624999999999997,9.20625,5.327083333333333,29.575,1.575,0.4104166666666667,18.320833333333333,17.19375,2.016666666666667,1.0666666666666669,3.09375,0.0748541666666666,-0.24375,-0.5208333333333334,-0.7583333333333333,0.8291666666666666,74.79166666666667,186.125,1,1,0,0,0
Tyler Smith,49.57142857142857,22.97142857142857,996.1142857142858,4.420000000000001,10.74,0.8,2.668571428571428,3.622857142857144,8.071428571428571,2.714285714285715,3.8542857142857145,2.7628571428571425,6.34,9.114285714285716,3.0257142857142854,1.3085714285714287,0.7657142857142857,2.091428571428572,5.645714285714287,12.36,102.02857142857142,110.05714285714286,11.451428571428572,0.7545142857142858,0.3482,0.1693142857142857,0.0954857142857142,0.1415428571428571,0.2454857142857143,0.4372285714285714,0.5760857142857142,0.3139142857142856,0.2853142857142857,0.3059714285714285,0.1674857142857143,0.6024285714285714,0.5514285714285715,0.0324571428571428,10.371428571428572,0.2523714285714286,0.192,0.5428571428571428,0.0,8.59142857142857,0.2454857142857143,0.3842,6.2,14.091428571428573,10.137142857142855,8.574285714285713,1.302857142857143,1.2942857142857145,14.937142857142856,12.762857142857143,0.6799999999999999,0.8971428571428572,1.5714285714285714,0.0530857142857142,-3.38,-0.0228571428571428,-3.4028571428571426,-0.0685714285714285,79.57142857142857,232.37142857142857,0,0,1,1,0
Tyon Grant-Foster,54.170731707317074,36.31707317073171,1440.3902439024391,7.317073170731708,16.69268292682927,2.090243902439024,5.851219512195122,5.231707317073171,10.846341463414634,2.870731707317073,3.8341463414634154,1.2731707317073169,4.6121951219512205,5.87560975609756,3.482926829268293,1.7731707317073169,0.7634146341463415,2.2878048780487807,3.4024390243902447,19.59756097560976,104.73170731707316,110.39024390243902,14.504878048780489,0.6385121951219512,0.234,0.1429512195121951,0.1013170731707317,0.1606585365853658,0.3614878048780487,0.4773170731707316,0.615,0.3982682926829268,0.3489512195121951,0.3793170731707317,0.3546097560975609,0.5287560975609756,0.8994390243902439,0.035,18.73170731707317,0.3284878048780487,0.4206341463414634,0.6585365853658537,0.024390243902439,12.097560975609756,0.3614878048780487,0.2279999999999999,2.8390243902439023,10.304878048780488,6.570731707317073,10.734146341463411,1.7731707317073169,1.2829268292682925,11.395121951219512,18.226829268292683,1.0341463414634149,1.0317073170731708,2.0585365853658533,0.0648780487804878,-1.246341463414634,-0.0951219512195121,-1.3170731707317074,0.3073170731707317,77.65853658536585,209.390243902439,1,1,0,0,0
Yves Missi,41.24,5.04,562.64,6.580000000000001,13.464,0.92,2.9640000000000004,5.660000000000001,10.5,3.136,4.428,3.7320000000000007,8.476,12.2,2.296,1.556,1.68,2.432,6.223999999999998,17.224,110.96,108.64,10.512,0.7664799999999999,0.3995599999999999,0.1915199999999999,0.06976,0.10536,0.23352,0.54812,0.6976400000000001,0.36308,0.3301199999999999,0.3352,0.2168,0.70272,0.6618,0.1933599999999999,23.32,0.27404,0.25732,0.16,0.0,13.255999999999998,0.23352,0.3455199999999999,8.388,19.08,13.716,6.815999999999999,1.556,2.72,13.304,15.784,0.536,0.544,1.0719999999999998,0.09192,-2.052,0.08,-1.972,0.088,80.44,229.2,0,0,1,1,0
Zaccharie Risacher,54.407407407407405,18.074074074074076,1289.5925925925926,7.370370370370369,17.762962962962963,3.1740740740740736,8.977777777777778,4.203703703703704,8.781481481481482,2.485185185185185,3.081481481481481,1.1814814814814814,5.559259259259258,6.759259259259259,2.659259259259259,1.548148148148148,0.7518518518518519,1.9592592592592597,3.7111111111111112,20.4037037037037,104.48148148148148,111.66666666666669,17.125925925925927,0.5018888888888889,0.1585925925925926,0.1326296296296296,0.0916666666666666,0.1187037037037037,0.4981111111111111,0.4768888888888888,0.6786296296296297,0.4007037037037037,0.3391851851851853,0.3656296296296296,0.3425185185185185,0.5585555555555556,0.8779259259259258,0.0358888888888888,16.185185185185187,0.2788888888888888,0.3678518518518519,2.259259259259259,0.037037037037037,11.44074074074074,0.4981111111111111,0.174074074074074,2.6333333333333333,12.57037037037037,7.562962962962963,8.114814814814814,1.548148148148148,1.2592592592592593,9.574074074074074,18.64444444444444,0.8481481481481482,1.0629629629629629,1.903703703703704,0.0608888888888888,-1.3259259259259262,-0.3111111111111111,-1.648148148148148,0.3259259259259259,78.74074074074075,212.40740740740745,0,0,1,1,0
Zach Edey,54.0188679245283,30.433962264150946,1255.377358490566,7.015094339622641,15.260377358490564,1.1433962264150943,3.290566037735849,5.866037735849056,11.954716981132078,4.198113207547169,5.4792452830188685,3.4660377358490573,9.115094339622642,12.58301886792453,2.6132075471698117,1.0169811320754718,1.149056603773585,2.654716981132076,5.450943396226417,19.369811320754717,105.52830188679243,107.41509433962264,10.46981132075472,0.8339622641509432,0.3611320754716981,0.1738113207547169,0.1300377358490566,0.1689433962264151,0.1660377358490566,0.4798113207547169,0.5925849056603772,0.3845471698113207,0.3418490566037737,0.381509433962264,0.2000943396226415,0.6322830188679246,0.5087358490566037,0.0669245283018867,21.07547169811321,0.1636415094339622,0.1907358490566037,0.6792452830188679,0.0,13.477358490566038,0.1660377358490566,0.4080754716981132,7.669811320754717,20.483018867924528,14.03018867924528,8.17547169811321,1.0169811320754718,1.7679245283018865,14.558490566037737,17.88301886792453,1.709433962264151,1.4622641509433962,3.177358490566038,0.0972641509433962,-1.1415094339622645,-0.1943396226415094,-1.3358490566037735,0.6358490566037737,81.47169811320755,254.49056603773585,0,0,0,0,1
Zyon Pullin,52.88372093023256,37.27906976744186,1549.4651162790697,8.700000000000001,21.17906976744186,3.072093023255814,8.93720930232558,5.637209302325582,12.246511627906974,5.611627906976744,6.8093023255813945,0.8534883720930233,4.251162790697674,5.1000000000000005,8.004651162790699,1.4604651162790698,0.4325581395348837,3.283720930232558,3.5348837209302326,26.074418604651164,109.6046511627907,112.6279069767442,15.26279069767442,0.5765581395348837,0.2164186046511627,0.1548837209302325,0.0991395348837209,0.1056976744186046,0.4234418604651163,0.4603023255813953,0.5906511627906976,0.3436279069767441,0.4022558139534883,0.4148837209302326,0.3368837209302325,0.2563953488372093,0.6070232558139534,0.0084651162790697,3.186046511627907,0.1475813953488371,0.3742558139534884,2.0930232558139537,0.0697674418604651,15.934883720930234,0.4234418604651163,0.3256976744186046,1.853488372093023,9.490697674418604,5.648837209302325,25.77441860465116,1.4604651162790698,0.7302325581395348,11.948837209302324,24.3,2.6395348837209305,1.053488372093023,3.7,0.0941860465116279,1.2186046511627906,-1.0395348837209304,0.1674418604651162,1.355813953488372,72.83720930232558,195.4418604651163,1,1,0,0,0
