Rk,Player,WS,Season,Age,Team,G,GS,AS,MP,FG,FGA,2P,2PA,3P,3PA,FT,FTA,ORB,DRB,TRB,AST,STL,BLK,TOV,PF,PTS,FG%,2P%,3P%,FT%,TS%,eFG%,Pos,-9999
1,LeBron James,20.3,2008-09,24,CLE,81,81,1,37.7,9.7,19.9,8.1,15.2,1.6,4.7,7.3,9.4,1.3,6.3,7.6,7.2,1.7,1.1,3.0,1.7,28.4,.489,.535,.344,.780,.591,53.007,F-G,jamesle01
2,LeBron James,19.3,2012-13,28,MIA,76,76,1,37.9,10.1,17.8,8.7,14.5,1.4,3.3,5.3,7.0,1.3,6.8,8.0,7.3,1.7,0.9,3.0,1.4,26.8,.565,.602,.406,.753,.640,60.303,F-G,jamesle01
3,Kevin Durant,19.2,2013-14,25,OKC,81,81,1,38.5,10.5,20.8,8.1,14.8,2.4,6.1,8.7,9.9,0.7,6.7,7.4,5.5,1.3,0.7,3.5,2.1,32.0,.503,.549,.391,.873,.635,55.983,F-G,duranke01
4,Kevin Durant,18.9,2012-13,24,OKC,81,81,1,38.5,9.0,17.7,7.3,13.6,1.7,4.1,8.4,9.3,0.6,7.3,7.9,4.6,1.4,1.3,3.5,1.8,28.1,.510,.539,.416,.905,.647,55.862,F-G,duranke01
5,LeBron James,18.5,2009-10,25,CLE,76,76,1,39.0,10.1,20.1,8.4,15.0,1.7,5.1,7.8,10.2,0.9,6.4,7.3,8.6,1.6,1.0,3.4,1.6,29.7,.503,.560,.333,.767,.604,54.483,F-G,jamesle01
6,Kevin Garnett,18.3,2003-04,27,MIN,82,82,1,39.4,9.8,19.6,9.7,19.1,0.1,0.5,4.5,5.7,3.0,10.9,13.9,5.0,1.5,2.2,2.6,2.5,24.2,.499,.506,.256,.791,.547,50.248,F-C,garneke01
7,Chris Paul,18.3,2008-09,23,NOH,78,78,1,38.5,8.1,16.1,7.3,13.8,0.8,2.3,5.8,6.7,0.9,4.7,5.5,11.0,2.8,0.1,3.0,2.7,22.8,.503,.525,.364,.868,.599,52.829,G,paulch01
8,Stephen Curry,17.9,2015-16,27,GSW,79,79,1,34.2,10.2,20.2,5.1,9.0,5.1,11.2,4.6,5.1,0.9,4.6,5.4,6.7,2.1,0.2,3.3,2.0,30.1,.504,.566,.454,.908,.669,62.954,G,curryst01
9,Tim Duncan,17.8,2001-02,25,SAS,82,82,1,40.6,9.3,18.3,9.3,18.2,0.0,0.1,6.8,8.5,3.3,9.4,12.7,3.7,0.7,2.5,3.2,2.6,25.5,.508,.511,.100,.799,.576,50.831,F-C,duncati01
10,Chris Paul,17.8,2007-08,22,NOH,80,80,1,37.6,7.9,16.1,6.7,13.0,1.2,3.1,4.2,4.9,0.8,3.2,4.0,11.6,2.7,0.1,2.5,2.3,21.1,.488,.516,.369,.851,.576,52.363,G,paulch01
11,Dirk Nowitzki,17.7,2005-06,27,DAL,81,81,1,38.1,9.3,19.3,7.9,16.0,1.4,3.3,6.7,7.4,1.4,7.6,9.0,2.8,0.7,1.0,1.9,2.0,26.6,.480,.496,.406,.901,.589,51.535,F-C,nowitdi01
12,Nikola Jokić,17.0,2023-24,28,DEN,79,79,1,34.6,10.4,17.9,9.4,14.9,1.1,2.9,4.5,5.5,2.8,9.5,12.4,9.0,1.4,0.9,3.0,2.5,26.4,.583,.626,.359,.817,.650,61.198,C-F,jokicni01
13,Tim Duncan,16.5,2002-03,26,SAS,81,81,1,39.3,8.8,17.2,8.7,16.9,0.1,0.3,5.6,7.8,3.2,9.7,12.9,3.9,0.7,2.9,3.1,2.9,23.3,.513,.517,.273,.710,.564,51.509,F-C,duncati01
14,James Harden,16.4,2014-15,25,HOU,81,81,1,36.8,8.0,18.1,5.4,11.3,2.6,6.9,8.8,10.2,0.9,4.7,5.7,7.0,1.9,0.7,4.0,2.6,27.4,.440,.480,.375,.868,.605,51.088,G,hardeja01
15,Dirk Nowitzki,16.3,2006-07,28,DAL,78,78,1,36.2,8.6,17.2,7.7,15.0,0.9,2.2,6.4,7.1,1.6,7.3,8.9,3.4,0.7,0.8,2.1,2.2,24.6,.502,.515,.416,.904,.605,52.871,F-C,nowitdi01
16,LeBron James,16.3,2005-06,21,CLE,79,79,1,42.5,11.1,23.1,9.5,18.3,1.6,4.8,7.6,10.3,0.9,6.1,7.0,6.6,1.6,0.8,3.3,2.3,31.4,.480,.518,.335,.738,.568,51.481,F-G,jamesle01
17,Dirk Nowitzki,16.1,2002-03,24,DAL,80,80,1,39.0,8.6,18.6,6.8,13.7,1.9,4.9,6.0,6.9,1.0,8.9,9.9,3.0,1.4,1.0,1.9,2.6,25.1,.463,.493,.379,.881,.581,51.310,F-C,nowitdi01
18,Tracy McGrady,16.1,2002-03,23,ORL,75,74,1,39.4,11.1,24.2,8.7,18.2,2.3,6.0,7.7,9.7,1.6,4.9,6.5,5.5,1.7,0.8,2.6,2.1,32.1,.457,.481,.386,.793,.564,50.496,G-F,mcgratr01
19,Kevin Garnett,16.1,2004-05,28,MIN,82,82,1,38.1,8.3,16.6,8.3,16.3,0.1,0.3,5.4,6.7,3.0,10.5,13.5,5.7,1.5,1.4,2.7,2.5,22.2,.502,.507,.240,.811,.567,50.441,F-C,garneke01
20,Kevin Durant,16.1,2009-10,21,OKC,82,82,1,39.5,9.7,20.3,8.1,16.1,1.6,4.3,9.2,10.2,1.3,6.3,7.6,2.8,1.4,1.0,3.3,2.1,30.1,.476,.506,.365,.900,.607,51.439,F-G,duranke01
21,Chris Paul,16.1,2014-15,29,LAC,82,82,1,34.8,6.9,14.3,5.2,10.0,1.7,4.3,3.5,3.9,0.6,4.0,4.6,10.2,1.9,0.2,2.3,2.5,19.1,.485,.523,.398,.900,.596,54.487,G,paulch01
22,LeBron James,15.9,2013-14,29,MIA,77,77,1,37.7,10.0,17.6,8.5,13.6,1.5,4.0,5.7,7.6,1.1,5.9,6.9,6.3,1.6,0.3,3.5,1.6,27.1,.567,.622,.379,.750,.649,60.976,F-G,jamesle01
23,Stephen Curry,15.7,2014-15,26,GSW,80,80,1,32.7,8.2,16.8,4.6,8.7,3.6,8.1,3.9,4.2,0.7,3.6,4.3,7.7,2.0,0.2,3.1,2.0,23.8,.487,.528,.443,.914,.638,59.359,G,curryst01
24,Nikola Jokić,15.6,2020-21,25,DEN,72,72,1,34.6,10.2,18.0,8.9,14.7,1.3,3.3,4.8,5.5,2.8,8.0,10.8,8.3,1.3,0.7,3.1,2.7,26.4,.566,.606,.388,.868,.647,60.170,C-F,jokicni01
25,Kevin Garnett,15.6,2002-03,26,MIN,82,82,1,40.5,9.1,18.1,8.8,17.2,0.2,0.9,4.6,6.1,3.0,10.5,13.4,6.0,1.4,1.6,2.8,2.4,23.0,.502,.513,.282,.751,.553,50.844,F-C,garneke01
26,Dirk Nowitzki,15.6,2004-05,26,DAL,78,78,1,38.7,8.5,18.5,7.3,15.6,1.2,2.9,7.9,9.1,1.2,8.5,9.7,3.1,1.2,1.5,2.3,2.8,26.1,.459,.470,.399,.869,.578,49.031,F-C,nowitdi01
27,LeBron James,15.6,2010-11,26,MIA,79,79,1,38.8,9.6,18.8,8.4,15.3,1.2,3.5,6.4,8.4,1.0,6.5,7.5,7.0,1.6,0.6,3.6,2.1,26.7,.510,.552,.330,.759,.594,54.141,F-G,jamesle01
28,Chauncey Billups,15.5,2005-06,29,DET,81,81,1,36.1,5.2,12.5,3.0,7.2,2.3,5.2,5.7,6.4,0.5,2.6,3.1,8.6,0.9,0.1,2.1,2.0,18.5,.418,.407,.433,.894,.602,50.889,G,billuch01
29,James Harden,15.4,2017-18,28,HOU,72,72,1,35.4,9.0,20.1,5.4,10.1,3.7,10.0,8.7,10.1,0.6,4.8,5.4,8.8,1.8,0.7,4.4,2.3,30.4,.449,.531,.367,.858,.619,54.072,G,hardeja01
30,Kobe Bryant,15.3,2005-06,27,LAL,80,80,1,41.0,12.2,27.2,10.0,20.7,2.3,6.5,8.7,10.2,0.9,4.4,5.3,4.5,1.8,0.4,3.1,2.9,35.4,.450,.482,.347,.850,.559,49.149,G-F,bryanko01
31,Nikola Jokić,15.2,2021-22,26,DEN,74,74,1,33.5,10.3,17.7,9.0,13.8,1.3,3.9,5.1,6.3,2.8,11.0,13.8,7.9,1.5,0.9,3.8,2.6,27.1,.583,.652,.337,.810,.661,61.976,C-F,jokicni01
32,LeBron James,15.2,2007-08,23,CLE,75,74,1,40.4,10.6,21.9,9.1,17.1,1.5,4.8,7.3,10.3,1.8,6.1,7.9,7.2,1.8,1.1,3.4,2.2,30.0,.484,.531,.315,.712,.568,51.797,F-G,jamesle01
33,James Harden,15.2,2018-19,29,HOU,78,78,1,36.8,10.8,24.5,6.0,11.3,4.8,13.2,9.7,11.0,0.8,5.8,6.6,7.5,2.0,0.7,5.0,3.1,36.1,.442,.528,.368,.879,.616,54.060,G,hardeja01
34,James Harden,15.0,2016-17,27,HOU,81,81,1,36.4,8.3,18.9,5.1,9.6,3.2,9.3,9.2,10.9,1.2,7.0,8.1,11.2,1.5,0.5,5.7,2.7,29.1,.440,.530,.347,.847,.613,52.511,G,hardeja01
35,Shaquille O'Neal,14.9,2000-01,28,LAL,74,74,1,39.5,11.0,19.2,11.0,19.2,0.0,0.0,6.7,13.1,3.9,8.8,12.7,3.7,0.6,2.8,2.9,3.5,28.7,.572,.573,.000,.513,.574,57.173,C,onealsh01
36,Nikola Jokić,14.9,2022-23,27,DEN,69,69,1,33.7,9.4,14.8,8.5,12.7,0.8,2.2,4.9,6.0,2.4,9.4,11.8,9.8,1.3,0.7,3.6,2.5,24.5,.632,.675,.383,.822,.701,65.998,C-F,jokicni01
37,Kobe Bryant,14.9,2002-03,24,LAL,82,82,1,41.5,10.6,23.5,9.1,19.5,1.5,4.0,7.3,8.7,1.3,5.6,6.9,5.9,2.2,0.8,3.5,2.7,30.0,.451,.465,.383,.843,.550,48.337,G-F,bryanko01
38,Kevin Garnett,14.9,2005-06,29,MIN,76,76,1,38.9,8.2,15.7,8.1,15.3,0.1,0.4,5.2,6.4,2.8,9.9,12.7,4.1,1.4,1.4,2.4,2.7,21.8,.526,.532,.267,.810,.589,52.897,F-C,garneke01
39,Elton Brand,14.8,2005-06,26,LAC,79,79,1,39.2,9.6,18.2,9.6,18.1,0.0,0.0,5.6,7.2,3.0,7.0,10.0,2.6,1.0,2.5,2.2,2.9,24.7,.527,.527,.333,.775,.580,52.718,F-C,brandel01
40,Dwyane Wade,14.7,2008-09,27,MIA,79,79,1,38.6,10.8,22.0,9.7,18.5,1.1,3.5,7.5,9.8,1.1,3.9,5.0,7.5,2.2,1.3,3.4,2.3,30.2,.491,.524,.317,.765,.574,51.639,G,wadedw01
41,Pau Gasol,14.7,2010-11,30,LAL,82,82,1,37.0,7.2,13.7,7.2,13.6,0.0,0.0,4.3,5.2,3.3,6.9,10.2,3.3,0.6,1.6,1.7,2.5,18.8,.529,.530,.333,.823,.589,52.991,C-F,gasolpa01
42,Shai Gilgeous-Alexander,14.6,2023-24,25,OKC,75,75,1,34.0,10.6,19.8,9.3,16.2,1.3,3.6,7.6,8.7,0.9,4.7,5.5,6.2,2.0,0.9,2.2,2.5,30.1,.535,.576,.353,.874,.636,56.725,G,gilgesh01
43,Amar'e Stoudemire,14.6,2007-08,25,PHO,79,79,1,33.9,9.0,15.3,9.0,14.9,0.1,0.4,7.0,8.7,2.3,6.8,9.1,1.5,0.8,2.1,2.2,3.7,25.2,.590,.601,.161,.805,.656,59.166,F-C,stoudam01
44,Amar'e Stoudemire,14.6,2004-05,22,PHO,80,80,1,36.1,9.3,16.7,9.3,16.5,0.0,0.2,7.3,9.9,2.7,6.2,8.9,1.6,1.0,1.6,2.4,3.5,26.0,.559,.564,.188,.733,.617,56.025,F-C,stoudam01
45,Shawn Marion,14.6,2005-06,27,PHO,81,81,1,40.3,8.8,16.9,7.7,13.3,1.2,3.6,3.0,3.7,3.1,8.8,11.8,1.8,2.0,1.7,1.5,2.8,21.8,.525,.577,.331,.809,.591,55.971,F,mariosh01
46,Kevin Durant,14.5,2015-16,27,OKC,72,72,1,35.8,9.7,19.2,7.1,12.5,2.6,6.7,6.2,6.9,0.6,7.6,8.2,5.0,1.0,1.2,3.5,1.9,28.2,.505,.569,.387,.898,.634,57.277,F-G,duranke01
47,LeBron James,14.5,2011-12,27,MIA,62,62,1,37.5,10.0,18.9,9.1,16.5,0.9,2.4,6.2,8.1,1.5,6.4,7.9,6.2,1.9,0.8,3.4,1.5,27.1,.531,.556,.362,.771,.605,55.432,F-G,jamesle01
48,Dwight Howard,14.4,2010-11,25,ORL,78,78,1,37.6,7.9,13.4,7.9,13.3,0.0,0.1,7.0,11.7,4.0,10.1,14.1,1.4,1.4,2.4,3.6,3.3,22.9,.593,.597,.000,.596,.616,59.291,C,howardw01
49,Dwyane Wade,14.4,2005-06,24,MIA,75,75,1,38.6,9.3,18.8,9.1,17.8,0.2,1.0,8.4,10.7,1.4,4.3,5.7,6.7,1.9,0.8,3.6,2.9,27.2,.495,.513,.171,.783,.577,49.929,G,wadedw01
50,Giannis Antetokounmpo,14.4,2018-19,24,MIL,72,72,1,32.8,10.0,17.3,9.3,14.5,0.7,2.8,6.9,9.5,2.2,10.3,12.5,5.9,1.3,1.5,3.7,3.2,27.7,.578,.641,.256,.729,.644,59.904,F-G,antetgi01
51,LeBron James,14.3,2004-05,20,CLE,80,80,1,42.4,9.9,21.1,8.6,17.2,1.4,3.9,6.0,8.0,1.4,6.0,7.4,7.2,2.2,0.7,3.3,1.8,27.2,.472,.499,.351,.750,.554,50.416,F-G,jamesle01
52,Kevin Love,14.3,2013-14,25,MIN,77,77,1,36.3,8.4,18.5,6.0,11.9,2.5,6.6,6.8,8.2,2.9,9.6,12.5,4.4,0.8,0.5,2.5,1.8,26.1,.457,.502,.376,.821,.591,52.428,F-C,loveke01
53,Russell Westbrook,14.0,2015-16,27,OKC,80,80,1,34.4,8.2,18.1,6.9,13.8,1.3,4.3,5.8,7.2,1.8,6.0,7.8,10.4,2.0,0.3,4.3,2.5,23.5,.454,.503,.296,.812,.554,48.927,G,westbru01
54,Anthony Davis,14.0,2014-15,21,NOP,68,68,1,36.1,9.4,17.6,9.4,17.5,0.0,0.2,5.5,6.8,2.5,7.7,10.2,2.2,1.5,2.9,1.4,2.1,24.4,.535,.540,.083,.805,.591,53.586,F-C,davisan02
55,Karl-Anthony Towns,14.0,2017-18,22,MIN,82,82,1,35.6,7.8,14.3,6.3,10.8,1.5,3.5,4.2,4.9,2.9,9.4,12.3,2.4,0.8,1.4,1.9,3.5,21.3,.545,.585,.421,.858,.646,59.642,C-F,townska01
56,LeBron James,14.0,2017-18,33,CLE,82,82,1,36.9,10.5,19.3,8.6,14.3,1.8,5.0,4.7,6.5,1.2,7.5,8.6,9.1,1.4,0.9,4.2,1.7,27.5,.542,.603,.367,.731,.621,58.956,F-G,jamesle01
57,Chris Paul,13.9,2012-13,27,LAC,70,70,1,33.4,5.9,12.2,4.8,8.9,1.1,3.3,4.1,4.6,0.8,3.0,3.7,9.7,2.4,0.1,2.3,2.0,16.9,.481,.538,.328,.885,.594,52.570,G,paulch01
58,Pau Gasol,13.9,2008-09,28,LAL,81,81,1,37.0,7.3,12.9,7.3,12.9,0.0,0.0,4.2,5.4,3.2,6.4,9.6,3.5,0.6,1.0,1.9,2.1,18.9,.567,.567,.500,.781,.617,56.699,C-F,gasolpa01
59,Chris Paul,13.9,2010-11,25,NOH,80,80,1,36.0,5.4,11.6,4.5,9.3,0.9,2.3,4.2,4.8,0.5,3.6,4.1,9.8,2.4,0.1,2.2,2.5,15.9,.463,.482,.388,.878,.578,50.162,G,paulch01
60,Kobe Bryant,13.8,2007-08,29,LAL,82,82,1,38.9,9.5,20.6,7.6,15.5,1.8,5.1,7.6,9.0,1.1,5.2,6.3,5.4,1.8,0.5,3.1,2.8,28.3,.459,.490,.361,.840,.576,50.296,G-F,bryanko01
61,Jimmy Butler,13.8,2016-17,27,CHI,76,75,1,37.0,7.5,16.5,6.3,13.2,1.2,3.3,7.7,8.9,1.7,4.5,6.2,5.5,1.9,0.4,2.1,1.5,23.9,.455,.477,.367,.865,.586,49.161,F-G,butleji01
62,Dwight Howard,13.8,2008-09,23,ORL,79,79,1,35.7,7.1,12.4,7.1,12.4,0.0,0.0,6.4,10.7,4.3,9.6,13.8,1.4,1.0,2.9,3.0,3.4,20.6,.572,.573,.000,.594,.600,57.201,C,howardw01
63,Kawhi Leonard,13.7,2015-16,24,SAS,72,72,1,33.1,7.7,15.1,5.9,11.1,1.8,4.0,4.1,4.6,1.3,5.5,6.8,2.6,1.8,1.0,1.5,1.8,21.2,.506,.528,.443,.874,.616,56.468,F,leonaka01
64,Ray Allen,13.7,2000-01,25,MIL,82,82,1,38.2,7.7,16.0,5.2,10.3,2.5,5.7,4.2,4.8,1.2,4.0,5.2,4.6,1.5,0.2,2.5,2.3,22.0,.480,.506,.433,.888,.610,55.691,G,allenra02
65,LeBron James,13.7,2006-07,22,CLE,78,78,1,40.9,9.9,20.8,8.6,16.8,1.3,4.0,6.3,9.0,1.1,5.7,6.7,6.0,1.6,0.7,3.2,2.2,27.3,.476,.513,.319,.698,.552,50.679,F-G,jamesle01
66,Anthony Davis,13.7,2017-18,24,NOP,75,75,1,36.4,10.4,19.5,9.7,17.3,0.7,2.2,6.6,8.0,2.5,8.6,11.1,2.3,1.5,2.6,2.2,2.1,28.1,.534,.558,.340,.828,.612,55.233,F-C,davisan02
67,LeBron James,13.6,2015-16,31,CLE,76,76,1,35.6,9.7,18.6,8.6,14.9,1.1,3.7,4.7,6.5,1.5,6.0,7.4,6.8,1.4,0.6,3.3,1.9,25.3,.520,.573,.309,.731,.588,55.120,F-G,jamesle01
68,Gilbert Arenas,13.6,2005-06,24,WAS,80,80,1,42.3,9.3,20.9,6.8,14.1,2.5,6.8,8.2,10.0,0.7,2.8,3.5,6.1,2.0,0.3,3.7,3.6,29.3,.447,.485,.369,.820,.581,50.689,G,arenagi01
69,Kawhi Leonard,13.6,2016-17,25,SAS,74,74,1,33.4,8.6,17.7,6.6,12.5,2.0,5.2,6.3,7.2,1.1,4.7,5.8,3.5,1.8,0.7,2.1,1.6,25.5,.485,.529,.380,.880,.610,54.078,F,leonaka01
70,Elton Brand,13.6,2001-02,22,LAC,80,80,1,37.8,6.7,12.6,6.7,12.6,0.0,0.0,4.9,6.6,5.0,6.6,11.6,2.4,1.0,2.0,2.2,3.2,18.2,.527,.527,,.742,.586,52.673,F-C,brandel01
71,Chauncey Billups,13.5,2007-08,31,DET,78,78,1,32.3,5.0,11.2,3.3,6.9,1.8,4.4,5.1,5.6,0.5,2.2,2.7,6.8,1.3,0.2,2.1,1.7,17.0,.448,.479,.401,.918,.619,52.623,G,billuch01
72,Brandon Roy,13.5,2008-09,24,POR,78,78,1,37.2,8.1,16.9,7.1,14.1,1.1,2.8,5.3,6.5,1.3,3.4,4.7,5.1,1.1,0.3,1.9,1.6,22.6,.480,.501,.377,.824,.573,51.176,G,roybr01
73,Peja Stojaković,13.5,2003-04,26,SAC,81,81,1,40.3,8.2,17.1,5.2,10.3,3.0,6.8,4.9,5.2,1.1,5.1,6.3,2.1,1.3,0.2,1.9,2.0,24.2,.480,.511,.433,.927,.624,56.638,F,stojape01
74,Dirk Nowitzki,13.4,2001-02,23,DAL,76,76,1,38.0,7.9,16.6,6.1,11.9,1.8,4.6,5.8,6.8,1.6,8.4,9.9,2.4,1.1,1.0,1.9,2.9,23.4,.477,.508,.397,.853,.599,53.219,F-C,nowitdi01
75,Stephen Curry,13.4,2013-14,25,GSW,78,78,1,36.5,8.4,17.7,5.0,9.8,3.3,7.9,3.9,4.5,0.6,3.7,4.3,8.5,1.6,0.2,3.8,2.5,24.0,.471,.509,.424,.885,.610,56.580,G,curryst01
76,James Harden,13.3,2015-16,26,HOU,82,82,1,38.1,8.7,19.7,5.8,11.7,2.9,8.0,8.8,10.2,0.8,5.3,6.1,7.5,1.7,0.6,4.6,2.8,29.0,.439,.494,.359,.860,.598,51.206,G,hardeja01
77,Tim Duncan,13.2,2000-01,24,SAS,82,82,1,38.7,8.6,17.1,8.5,16.8,0.1,0.3,5.0,8.1,3.2,9.0,12.2,3.0,0.9,2.3,3.0,3.0,22.2,.499,.504,.259,.618,.536,50.178,F-C,duncati01
78,Shaquille O'Neal,13.2,2002-03,30,LAL,67,66,1,37.8,10.4,18.1,10.4,18.1,0.0,0.0,6.7,10.8,3.9,7.2,11.1,3.1,0.6,2.4,2.9,3.4,27.5,.574,.574,,.622,.602,57.391,C,onealsh01
79,Shaquille O'Neal,13.2,2001-02,29,LAL,67,66,1,36.1,10.6,18.3,10.6,18.3,0.0,0.0,5.9,10.7,3.5,7.2,10.7,3.0,0.6,2.0,2.6,3.0,27.2,.579,.580,.000,.555,.590,57.933,C,onealsh01
80,Dwight Howard,13.2,2009-10,24,ORL,82,82,1,34.7,6.2,10.2,6.2,10.1,0.0,0.1,5.9,10.0,3.5,9.7,13.2,1.8,0.9,2.8,3.3,3.5,18.3,.612,.617,.000,.592,.630,61.151,C,howardw01
81,Giannis Antetokounmpo,13.2,2023-24,29,MIL,73,73,1,35.2,11.5,18.8,11.0,17.1,0.5,1.7,7.0,10.7,2.7,8.8,11.5,6.5,1.2,1.1,3.4,2.9,30.4,.611,.645,.274,.657,.649,62.381,F-G,antetgi01
82,James Harden,13.1,2019-20,30,HOU,68,68,1,36.5,9.9,22.3,5.5,9.9,4.4,12.4,10.2,11.8,1.0,5.5,6.6,7.5,1.8,0.9,4.5,3.3,34.3,.444,.556,.355,.865,.626,54.260,G,hardeja01
83,Derrick Rose,13.1,2010-11,22,CHI,81,81,1,37.4,8.8,19.7,7.2,15.0,1.6,4.8,5.9,6.9,1.0,3.1,4.1,7.7,1.0,0.6,3.4,1.7,25.0,.445,.481,.332,.858,.550,48.528,G,rosede01
84,Tim Duncan,13.1,2003-04,27,SAS,69,68,1,36.6,8.6,17.1,8.6,16.9,0.0,0.2,5.1,8.5,3.3,9.2,12.4,3.1,0.9,2.7,2.7,2.4,22.3,.501,.505,.167,.599,.534,50.212,F-C,duncati01
85,Russell Westbrook,13.1,2016-17,28,OKC,81,81,1,34.6,10.2,24.0,7.7,16.8,2.5,7.2,8.8,10.4,1.7,9.0,10.7,10.4,1.6,0.4,5.4,2.3,31.6,.425,.459,.343,.845,.554,47.604,G,westbru01
86,Karl Malone,13.1,2000-01,37,UTA,81,81,1,35.7,8.3,16.6,8.2,16.5,0.0,0.1,6.6,8.3,1.4,6.9,8.3,4.5,1.1,0.8,3.0,2.7,23.2,.498,.499,.400,.793,.572,49.888,F,malonka01
87,Tim Duncan,13.0,2006-07,30,SAS,80,80,1,34.1,7.7,14.1,7.7,14.0,0.0,0.1,4.5,7.1,2.7,7.9,10.6,3.4,0.8,2.4,2.8,2.5,20.0,.546,.550,.111,.637,.579,54.686,F-C,duncati01
88,Kobe Bryant,13.0,2006-07,28,LAL,77,77,1,40.8,10.6,22.8,8.8,17.6,1.8,5.2,8.7,10.0,1.0,4.7,5.7,5.4,1.4,0.5,3.3,2.7,31.6,.463,.497,.344,.868,.580,50.171,G-F,bryanko01
89,Shawn Marion,13.0,2002-03,24,PHO,81,81,1,41.6,8.2,18.1,6.4,13.6,1.7,4.5,3.1,3.6,2.5,7.1,9.5,2.4,2.3,1.2,1.9,2.6,21.2,.452,.473,.387,.851,.538,49.966,F,mariosh01
90,Dwyane Wade,13.0,2009-10,28,MIA,77,77,1,36.3,9.3,19.6,8.4,16.5,0.9,3.2,6.9,9.1,1.4,3.5,4.8,6.5,1.8,1.1,3.3,2.4,26.6,.476,.509,.300,.761,.562,50.000,G,wadedw01
91,Giannis Antetokounmpo,12.9,2021-22,27,MIL,67,67,1,32.9,10.3,18.6,9.2,15.0,1.1,3.6,8.3,11.4,2.0,9.6,11.6,5.8,1.1,1.4,3.3,3.2,29.9,.553,.616,.293,.722,.633,58.193,F-G,antetgi01
92,Vince Carter,12.9,2000-01,24,TOR,75,75,1,39.7,10.2,22.1,8.0,16.8,2.2,5.3,5.1,6.7,2.3,3.2,5.5,3.9,1.5,1.1,2.2,2.7,27.6,.460,.477,.408,.765,.551,50.906,G-F,cartevi01
93,LeBron James,12.9,2016-17,32,CLE,74,74,1,37.8,9.9,18.2,8.3,13.5,1.7,4.6,4.8,7.2,1.3,7.3,8.6,8.7,1.2,0.6,4.1,1.8,26.4,.548,.611,.363,.674,.619,59.375,F-G,jamesle01
94,Paul Pierce,12.9,2001-02,24,BOS,82,82,1,40.3,8.6,19.5,6.1,13.1,2.6,6.3,6.3,7.8,1.0,5.9,6.9,3.2,1.9,1.0,2.9,2.9,26.1,.442,.461,.404,.809,.570,50.814,F-G,piercpa01
95,Dwight Howard,12.9,2007-08,22,ORL,82,82,1,37.7,7.1,11.9,7.1,11.8,0.0,0.0,6.5,10.9,3.4,10.8,14.2,1.3,0.9,2.1,3.2,3.3,20.7,.599,.601,.000,.590,.619,59.856,C,howardw01
96,Dirk Nowitzki,12.9,2007-08,29,DAL,77,77,1,36.0,8.2,17.1,7.2,14.2,1.0,2.9,6.2,7.1,1.2,7.3,8.6,3.5,0.7,0.9,2.1,2.6,23.6,.479,.504,.359,.879,.585,50.951,F-C,nowitdi01
97,Kevin Garnett,12.9,2007-08,31,BOS,71,71,1,32.8,7.5,13.9,7.5,13.8,0.0,0.2,3.8,4.7,1.9,7.3,9.2,3.4,1.4,1.3,1.9,2.3,18.8,.539,.545,.000,.801,.588,53.939,F-C,garneke01
98,Dwyane Wade,12.8,2010-11,29,MIA,76,76,1,37.1,9.1,18.2,8.3,15.5,0.8,2.7,6.5,8.6,1.6,4.8,6.4,4.6,1.5,1.1,3.1,2.6,25.5,.500,.534,.306,.758,.581,52.276,G,wadedw01
99,James Harden,12.8,2012-13,23,HOU,78,78,1,38.3,7.5,17.1,5.2,10.9,2.3,6.2,8.6,10.2,0.8,4.1,4.9,5.8,1.8,0.5,3.8,2.3,25.9,.438,.477,.368,.851,.600,50.449,G,hardeja01
100,Kevin Garnett,12.8,2001-02,25,MIN,81,81,1,39.2,8.1,17.3,7.7,15.9,0.5,1.4,4.4,5.5,3.0,9.1,12.1,5.2,1.2,1.6,2.8,2.3,21.2,.470,.484,.319,.801,.536,48.358,F-C,garneke01
101,James Harden,12.8,2013-14,24,HOU,73,73,1,38.0,7.5,16.5,5.1,9.9,2.4,6.6,7.9,9.1,0.8,3.9,4.7,6.1,1.6,0.4,3.6,2.4,25.4,.456,.515,.366,.866,.618,52.905,G,hardeja01
102,Chris Paul,12.7,2015-16,30,LAC,74,74,1,32.7,7.0,15.1,5.3,10.6,1.6,4.4,4.0,4.4,0.5,3.7,4.2,10.0,2.1,0.2,2.6,2.5,19.5,.462,.501,.371,.896,.575,51.706,G,paulch01
103,Kobe Bryant,12.7,2001-02,23,LAL,80,80,1,38.3,9.4,20.0,9.0,18.3,0.4,1.7,6.1,7.4,1.4,4.1,5.5,5.5,1.5,0.4,2.8,2.9,25.2,.469,.489,.250,.829,.544,47.934,G-F,bryanko01
104,Kobe Bryant,12.7,2008-09,30,LAL,82,82,1,36.1,9.8,20.9,8.3,16.8,1.4,4.1,5.9,6.9,1.1,4.1,5.2,4.9,1.5,0.5,2.6,2.3,26.8,.467,.496,.351,.856,.561,50.175,G-F,bryanko01
105,Chris Paul,12.7,2011-12,26,LAC,60,60,1,36.4,7.1,14.8,5.8,11.3,1.3,3.6,4.3,5.0,0.7,2.9,3.6,9.1,2.5,0.1,2.1,2.3,19.8,.478,.511,.371,.861,.581,52.191,G,paulch01
106,Gary Payton,12.6,2001-02,33,SEA,82,82,1,40.3,9.0,19.2,8.1,16.4,0.9,2.9,3.3,4.1,1.0,3.9,4.8,9.0,1.6,0.3,2.5,2.2,22.1,.467,.494,.314,.797,.526,49.049,G,paytoga01
107,Damian Lillard,12.6,2017-18,27,POR,73,73,1,36.6,8.5,19.4,5.4,10.8,3.1,8.6,6.8,7.4,0.8,3.6,4.5,6.6,1.1,0.4,2.8,1.6,26.9,.439,.501,.361,.916,.594,51.908,G,lillada01
108,Stephen Curry,12.6,2016-17,28,GSW,79,79,1,33.4,8.5,18.3,4.4,8.3,4.1,10.0,4.1,4.6,0.8,3.7,4.5,6.6,1.8,0.2,3.0,2.3,25.3,.468,.537,.411,.898,.624,58.004,G,curryst01
109,Domantas Sabonis,12.6,2022-23,26,SAC,79,79,1,34.6,7.3,11.9,6.9,10.8,0.4,1.1,4.1,5.5,3.2,9.1,12.3,7.3,0.8,0.5,2.9,3.5,19.1,.615,.639,.373,.742,.668,63.166,C-F,sabondo01
110,Steve Nash,12.6,2006-07,32,PHO,76,76,1,35.3,6.8,12.8,4.8,8.3,2.1,4.5,2.9,3.3,0.4,3.1,3.5,11.6,0.8,0.1,3.8,1.5,18.6,.532,.575,.455,.899,.654,61.277,G,nashst01
111,Isaiah Thomas,12.5,2016-17,27,BOS,76,76,1,33.8,9.0,19.4,5.8,10.9,3.2,8.5,7.8,8.5,0.6,2.1,2.7,5.9,0.9,0.2,2.8,2.2,28.9,.463,.528,.379,.909,.625,54.616,G,thomais02
112,Shawn Marion,12.5,2004-05,26,PHO,81,81,1,38.8,7.6,15.9,6.2,11.7,1.4,4.2,2.8,3.4,2.9,8.4,11.3,1.9,2.0,1.5,1.5,2.5,19.4,.476,.526,.334,.833,.556,51.978,F,mariosh01
113,Giannis Antetokounmpo,12.4,2016-17,22,MIL,80,80,1,35.6,8.2,15.7,7.6,13.5,0.6,2.3,5.9,7.7,1.8,7.0,8.8,5.4,1.6,1.9,2.9,3.1,22.9,.521,.563,.272,.770,.599,54.051,F-G,antetgi01
114,Paul Pierce,12.4,2007-08,30,BOS,80,80,1,35.9,6.4,13.7,4.6,9.2,1.8,4.6,5.1,6.1,0.7,4.5,5.1,4.5,1.3,0.5,2.8,2.5,19.6,.464,.499,.392,.843,.599,52.869,F-G,piercpa01
115,Steve Nash,12.4,2005-06,31,PHO,79,79,1,35.4,6.8,13.4,4.9,9.0,1.9,4.3,3.3,3.5,0.6,3.6,4.2,10.5,0.8,0.2,3.5,1.5,18.8,.512,.548,.439,.921,.632,58.333,G,nashst01
116,Joel Embiid,12.3,2022-23,28,PHI,66,66,1,34.6,11.0,20.1,10.0,17.1,1.0,3.0,10.0,11.7,1.7,8.4,10.2,4.2,1.0,1.7,3.4,3.1,33.1,.548,.587,.330,.857,.655,57.304,C,embiijo01
117,Dirk Nowitzki,12.3,2009-10,31,DAL,81,80,1,37.5,8.9,18.5,8.3,17.0,0.6,1.5,6.6,7.2,1.0,6.7,7.7,2.7,0.9,1.0,1.8,2.6,25.0,.481,.487,.421,.915,.578,49.833,F-C,nowitdi01
118,Blake Griffin,12.2,2013-14,24,LAC,80,80,1,35.8,9.0,17.0,8.8,16.4,0.2,0.6,6.0,8.4,2.4,7.1,9.5,3.9,1.2,0.6,2.8,3.3,24.1,.528,.537,.273,.715,.583,53.274,F-C,griffbl01
119,Kevin Durant,12.2,2011-12,23,OKC,66,66,1,38.6,9.7,19.7,7.7,14.4,2.0,5.2,6.5,7.6,0.6,7.4,8.0,3.5,1.3,1.2,3.8,2.0,28.0,.496,.535,.387,.860,.610,54.703,F-G,duranke01
120,Chris Paul,12.2,2013-14,28,LAC,62,62,1,35.0,6.5,14.0,5.3,10.6,1.3,3.4,4.8,5.6,0.6,3.7,4.3,10.7,2.5,0.1,2.3,2.5,19.1,.467,.498,.368,.855,.580,51.149,G,paulch01
121,Tracy McGrady,12.2,2000-01,21,ORL,77,77,1,40.1,10.2,22.4,9.5,20.2,0.8,2.2,5.6,7.6,2.5,5.0,7.5,4.6,1.5,1.5,2.6,2.1,26.8,.457,.468,.355,.733,.521,47.419,G-F,mcgratr01
122,David Robinson,12.1,2000-01,35,SAS,80,80,1,29.6,5.0,10.3,5.0,10.3,0.0,0.0,4.4,5.9,2.6,6.0,8.6,1.5,1.0,2.5,1.5,2.7,14.4,.486,.487,.000,.747,.559,48.603,C,robinda01
123,Damian Lillard,12.1,2018-19,28,POR,80,80,1,35.5,8.5,19.2,5.6,11.1,3.0,8.0,5.9,6.4,0.9,3.8,4.6,6.9,1.1,0.4,2.7,1.9,25.8,.444,.499,.369,.912,.588,52.153,G,lillada01
124,Sam Cassell,12.1,2003-04,34,MIN,81,81,1,35.0,7.7,15.7,6.7,13.4,0.9,2.3,3.6,4.1,0.5,2.8,3.3,7.3,1.3,0.2,2.7,3.0,19.8,.488,.504,.398,.873,.566,51.732,G,cassesa01
125,Joel Embiid,12.0,2021-22,27,PHI,68,68,1,33.8,9.8,19.6,8.4,15.9,1.4,3.7,9.6,11.8,2.1,9.6,11.7,4.2,1.1,1.5,3.1,2.7,30.6,.499,.529,.371,.814,.616,53.411,C,embiijo01
126,Luka Dončić,12.0,2023-24,24,DAL,70,70,1,37.5,11.5,23.6,7.4,13.0,4.1,10.6,6.8,8.7,0.8,8.4,9.2,9.8,1.4,0.5,4.0,2.1,33.9,.487,.573,.382,.786,.617,57.264,G-F,doncilu01
127,Pau Gasol,12.0,2005-06,25,MEM,80,80,1,39.2,7.5,14.9,7.5,14.8,0.0,0.2,5.3,7.7,2.4,6.5,8.9,4.6,0.6,1.9,2.9,2.3,20.4,.503,.505,.250,.689,.555,50.377,C-F,gasolpa01
128,Kevin Durant,12.0,2016-17,28,GSW,62,62,1,33.4,8.9,16.5,7.0,11.5,1.9,5.0,5.4,6.2,0.6,7.6,8.3,4.8,1.1,1.6,2.2,1.9,25.1,.537,.608,.375,.875,.651,59.405,F-G,duranke01
129,Shawn Marion,12.0,2006-07,28,PHO,80,80,1,37.6,7.0,13.4,6.0,10.2,1.0,3.2,2.5,3.1,2.2,7.7,9.8,1.7,2.0,1.5,1.4,2.7,17.5,.524,.587,.317,.810,.594,56.116,F,mariosh01
130,Kevin Durant,12.0,2010-11,22,OKC,78,78,1,38.9,9.1,19.7,7.3,14.4,1.9,5.3,7.6,8.7,0.7,6.1,6.8,2.7,1.1,1.0,2.8,2.0,27.7,.462,.504,.350,.880,.589,50.943,F-G,duranke01
131,Tracy McGrady,12.0,2004-05,25,HOU,78,78,1,40.8,9.2,21.3,7.3,15.7,1.8,5.6,5.5,7.1,0.9,5.3,6.2,5.7,1.7,0.7,2.6,2.1,25.7,.431,.468,.326,.774,.526,47.349,G-F,mcgratr01
132,Giannis Antetokounmpo,11.9,2017-18,23,MIL,75,75,1,36.7,9.9,18.7,9.3,16.8,0.6,1.9,6.5,8.5,2.1,8.0,10.0,4.8,1.5,1.4,3.0,3.1,26.9,.529,.554,.307,.760,.598,54.458,F-G,antetgi01
133,Paul George,11.9,2018-19,28,OKC,77,77,1,36.9,9.2,21.0,5.4,11.1,3.8,9.8,5.9,7.0,1.4,6.8,8.2,4.1,2.2,0.4,2.7,2.8,28.0,.438,.484,.386,.839,.583,52.850,F-G,georgpa01
134,DeAndre Jordan,11.8,2016-17,28,LAC,81,81,1,31.7,5.1,7.1,5.1,7.1,0.0,0.0,2.5,5.2,3.7,10.1,13.8,1.2,0.6,1.7,1.4,2.6,12.7,.714,.717,.000,.482,.673,71.404,C,jordade01
135,Anthony Davis,11.8,2023-24,30,LAL,76,76,1,35.5,9.4,16.9,9.0,15.5,0.4,1.4,5.5,6.8,3.1,9.5,12.6,3.5,1.2,2.3,2.1,2.3,24.7,.556,.582,.271,.816,.621,56.703,F-C,davisan02
136,Nikola Jokić,11.8,2018-19,23,DEN,80,80,1,31.3,7.7,15.1,6.7,11.7,1.0,3.4,3.6,4.4,2.9,8.0,10.8,7.3,1.4,0.7,3.1,2.9,20.1,.511,.569,.307,.821,.589,54.519,C-F,jokicni01
137,Allen Iverson,11.8,2000-01,25,PHI,71,71,1,42.0,10.7,25.5,9.4,21.2,1.4,4.3,8.2,10.1,0.7,3.1,3.8,4.6,2.5,0.3,3.3,2.1,31.1,.420,.441,.320,.814,.518,44.732,G,iversal01
138,Kevin Garnett,11.8,2000-01,24,MIN,81,81,1,39.5,8.7,18.2,8.5,17.4,0.2,0.8,4.4,5.8,2.7,8.7,11.4,5.0,1.4,1.8,2.8,2.5,22.0,.477,.486,.288,.764,.531,48.373,F-C,garneke01
139,Rudy Gobert,11.7,2021-22,29,UTA,66,66,1,32.1,5.5,7.7,5.5,7.6,0.0,0.1,4.6,6.7,3.7,11.0,14.7,1.1,0.7,2.1,1.8,2.7,15.6,.713,.718,.000,.690,.732,71.260,C,goberru01
140,Russell Westbrook,11.6,2012-13,24,OKC,82,82,1,34.9,8.2,18.7,7.0,15.1,1.2,3.7,5.6,7.0,1.4,3.9,5.2,7.4,1.8,0.3,3.3,2.3,23.2,.438,.466,.323,.800,.532,47.003,G,westbru01
141,Allen Iverson,11.6,2007-08,32,DEN,82,82,1,41.8,8.7,19.0,7.5,15.6,1.2,3.4,7.9,9.7,0.6,2.4,3.0,7.1,2.0,0.1,3.0,1.3,26.4,.458,.482,.345,.809,.567,48.811,G,iversal01
142,Steve Nash,11.6,2002-03,28,DAL,82,82,1,33.1,6.3,13.6,5.0,10.3,1.4,3.3,3.8,4.1,0.8,2.1,2.9,7.3,1.0,0.1,2.3,1.6,17.7,.465,.482,.413,.909,.576,51.481,G,nashst01
143,Kyle Lowry,11.6,2015-16,29,TOR,77,77,1,37.0,6.6,15.6,3.9,8.5,2.8,7.1,5.2,6.4,0.7,4.0,4.7,6.4,2.1,0.4,2.9,2.7,21.2,.427,.461,.388,.811,.578,51.586,G,lowryky01
144,Anthony Mason,11.6,2000-01,34,MIA,80,80,1,40.7,5.8,11.9,5.8,11.9,0.0,0.0,4.6,5.9,2.1,7.5,9.6,3.1,1.0,0.3,2.2,2.9,16.1,.482,.482,,.781,.555,48.218,F,masonan01
145,Paul Pierce,11.6,2010-11,33,BOS,80,80,1,34.7,6.3,12.8,5.0,9.1,1.4,3.7,4.8,5.6,0.4,5.0,5.4,3.3,1.0,0.6,2.1,2.9,18.9,.497,.547,.374,.860,.620,55.093,F-G,piercpa01
146,Damian Lillard,11.6,2019-20,29,POR,66,66,1,37.5,9.5,20.4,5.4,10.2,4.1,10.2,7.0,7.8,0.5,3.8,4.3,8.0,1.1,0.3,2.9,1.7,30.0,.463,.524,.401,.888,.627,56.264,G,lillada01
147,Andrei Kirilenko,11.6,2003-04,22,UTA,78,78,1,37.1,5.3,11.9,4.4,9.4,0.9,2.6,5.0,6.4,2.9,5.2,8.1,3.1,1.9,2.8,2.8,2.2,16.5,.443,.471,.338,.790,.559,47.905,F,kirilan01
148,Gilbert Arenas,11.5,2004-05,23,WAS,80,80,1,40.9,8.2,19.0,5.6,12.0,2.6,7.0,6.5,8.0,1.0,3.7,4.7,5.1,1.7,0.3,3.0,3.1,25.5,.431,.469,.365,.814,.565,49.803,G,arenagi01
149,Dirk Nowitzki,11.5,2003-04,25,DAL,77,77,1,37.9,7.9,17.0,6.6,13.2,1.3,3.8,4.8,5.5,1.2,7.5,8.7,2.7,1.2,1.4,1.8,2.8,21.8,.462,.496,.341,.877,.561,49.962,F-C,nowitdi01
150,Kevin Durant,11.5,2018-19,30,GSW,78,78,1,34.6,9.2,17.7,7.5,12.8,1.8,5.0,5.7,6.5,0.4,5.9,6.4,5.9,0.7,1.1,2.9,2.0,26.0,.521,.587,.353,.885,.631,57.086,F-G,duranke01
151,Gerald Wallace,11.5,2009-10,27,CHA,76,76,1,41.0,6.0,12.4,5.3,10.6,0.7,1.8,5.6,7.2,2.0,8.1,10.0,2.1,1.5,1.1,2.3,2.6,18.2,.484,.503,.371,.776,.586,51.113,F,wallage01
152,Tracy McGrady,11.5,2001-02,22,ORL,76,76,1,38.3,9.4,20.9,8.1,17.1,1.4,3.7,5.5,7.3,2.0,5.9,7.9,5.3,1.6,1.0,2.5,1.8,25.6,.451,.470,.364,.748,.532,48.329,G-F,mcgratr01
153,Paul Pierce,11.5,2005-06,28,BOS,79,79,1,39.0,8.7,18.5,7.3,14.5,1.4,4.0,7.9,10.3,1.0,5.7,6.7,4.7,1.4,0.4,3.5,2.8,26.8,.471,.503,.354,.772,.582,50.923,F-G,piercpa01
154,Kevin Love,11.4,2010-11,22,MIN,73,73,1,35.8,6.6,14.1,5.4,11.2,1.2,2.9,5.8,6.8,4.5,10.7,15.2,2.5,0.6,0.4,2.1,2.0,20.2,.470,.483,.417,.850,.593,51.267,F-C,loveke01
155,Shai Gilgeous-Alexander,11.4,2022-23,24,OKC,68,68,1,35.5,10.4,20.3,9.5,17.8,0.9,2.5,9.8,10.9,0.9,4.0,4.8,5.5,1.6,1.0,2.8,2.8,31.4,.510,.533,.345,.905,.626,53.077,G,gilgesh01
156,Chauncey Billups,11.4,2006-07,30,DET,70,70,1,36.2,5.0,11.6,3.4,7.1,1.6,4.5,5.5,6.2,0.3,3.1,3.4,7.2,1.2,0.2,2.0,2.3,17.0,.427,.479,.345,.883,.591,49.387,G,billuch01
157,Yao Ming,11.4,2003-04,23,HOU,82,82,1,32.8,6.5,12.5,6.5,12.5,0.0,0.0,4.4,5.4,2.4,6.6,9.0,1.5,0.3,1.9,2.5,3.3,17.5,.522,.523,.000,.809,.586,52.195,C,mingya01
158,Jason Kidd,11.3,2002-03,29,NJN,80,80,1,37.4,6.4,15.6,4.9,10.9,1.6,4.6,4.2,5.0,1.4,4.9,6.3,8.9,2.2,0.3,3.7,1.6,18.7,.414,.445,.341,.841,.526,46.463,G,kiddja01
159,Kobe Bryant,11.3,2000-01,22,LAL,68,68,1,40.9,10.3,22.2,9.4,19.3,0.9,2.9,7.0,8.2,1.5,4.3,5.9,5.0,1.7,0.6,3.2,3.3,28.5,.464,.489,.305,.853,.552,48.444,G-F,bryanko01
160,Rudy Gobert,11.3,2020-21,28,UTA,71,71,1,30.8,5.5,8.2,5.5,8.1,0.0,0.1,3.3,5.3,3.4,10.1,13.5,1.3,0.6,2.7,1.7,2.3,14.3,.675,.680,.000,.623,.683,67.530,C,goberru01
161,Jalen Brunson,11.2,2023-24,27,NYK,77,77,1,35.4,10.3,21.4,7.5,14.6,2.7,6.8,5.5,6.5,0.6,3.1,3.6,6.7,0.9,0.2,2.4,1.9,28.7,.479,.516,.401,.847,.592,54.339,G,brunsja01
162,Amar'e Stoudemire,11.2,2006-07,24,PHO,82,78,1,32.8,7.4,12.9,7.4,12.8,0.0,0.0,5.6,7.1,2.7,6.9,9.6,1.0,1.0,1.3,2.8,3.6,20.4,.575,.577,.000,.781,.637,57.536,F-C,stoudam01
163,Paul Pierce,11.2,2004-05,27,BOS,82,82,1,36.1,6.8,14.9,5.5,11.4,1.3,3.6,6.7,8.1,1.0,5.6,6.6,4.2,1.6,0.5,2.8,3.1,21.6,.455,.481,.370,.822,.583,49.877,F-G,piercpa01
164,Tim Duncan,11.2,2004-05,28,SAS,66,66,1,33.4,7.8,15.8,7.8,15.7,0.0,0.1,4.6,6.9,3.1,8.0,11.1,2.7,0.7,2.6,1.9,2.2,20.3,.496,.498,.333,.670,.540,49.760,F-C,duncati01
165,Jimmy Butler,11.2,2014-15,25,CHI,65,65,1,38.7,6.5,14.0,5.4,11.1,1.1,3.0,5.9,7.1,1.8,4.1,5.8,3.3,1.8,0.6,1.4,1.7,20.0,.462,.484,.378,.834,.583,50.164,F-G,butleji01
166,Joakim Noah,11.2,2013-14,28,CHI,80,80,1,35.3,4.8,10.0,4.8,10.0,0.0,0.0,3.1,4.2,3.5,7.7,11.3,5.4,1.2,1.5,2.4,3.1,12.6,.475,.476,.000,.737,.531,47.500,C,noahjo01
167,Giannis Antetokounmpo,11.1,2019-20,25,MIL,63,63,1,30.4,10.9,19.7,9.5,15.0,1.4,4.7,6.3,10.0,2.2,11.4,13.6,5.6,1.0,1.0,3.7,3.1,29.5,.553,.631,.304,.633,.613,58.926,F-G,antetgi01
168,Ray Allen,11.1,2008-09,33,BOS,79,79,1,36.4,6.3,13.2,3.8,7.0,2.5,6.2,3.0,3.2,0.8,2.7,3.5,2.8,0.9,0.2,1.7,2.0,18.2,.480,.542,.409,.952,.624,57.548,G,allenra02
169,Dirk Nowitzki,11.1,2010-11,32,DAL,73,73,1,34.3,8.4,16.2,7.5,13.8,0.9,2.3,5.4,6.1,0.7,6.3,7.0,2.6,0.5,0.6,1.9,2.4,23.0,.517,.538,.393,.892,.612,54.538,F-C,nowitdi01
170,Anthony Davis,11.1,2019-20,26,LAL,62,62,1,34.4,8.9,17.7,7.7,14.2,1.2,3.5,7.2,8.5,2.3,7.0,9.3,3.2,1.5,2.3,2.5,2.5,26.1,.503,.546,.330,.846,.610,53.558,F-C,davisan02
171,Draymond Green,11.1,2015-16,25,GSW,81,81,1,34.7,5.0,10.1,3.7,6.9,1.2,3.2,2.8,4.1,1.7,7.8,9.5,7.4,1.5,1.4,3.2,3.0,14.0,.490,.537,.388,.696,.587,55.067,F,greendr01
172,Steve Francis,11.1,2002-03,25,HOU,81,81,1,41.0,7.0,16.2,6.0,13.2,1.0,3.0,5.9,7.3,2.0,4.2,6.2,6.2,1.7,0.5,3.7,3.1,21.0,.435,.453,.354,.800,.541,46.761,G,francst01
173,Tim Duncan,11.1,2007-08,31,SAS,78,78,1,34.0,7.5,15.1,7.5,15.1,0.0,0.1,4.3,5.9,3.0,8.3,11.3,2.8,0.7,1.9,2.3,2.4,19.3,.497,.498,.000,.730,.546,49.660,F-C,duncati01
174,Anthony Davis,11.0,2016-17,23,NOP,75,75,1,36.1,10.3,20.3,9.7,18.6,0.5,1.8,6.9,8.6,2.3,9.5,11.8,2.1,1.3,2.2,2.4,2.2,28.0,.505,.524,.299,.802,.580,51.769,F-C,davisan02
175,Rasheed Wallace,11.0,2000-01,26,POR,77,75,1,38.2,7.7,15.3,7.0,13.2,0.7,2.1,3.2,4.2,1.9,5.9,7.8,2.8,1.2,1.8,2.1,2.7,19.2,.501,.530,.321,.766,.560,52.292,F-C,wallara01
176,Pau Gasol,11.0,2009-10,29,LAL,65,65,1,37.0,7.0,13.0,7.0,12.9,0.0,0.1,4.4,5.6,3.7,7.6,11.3,3.4,0.6,1.7,2.2,2.3,18.3,.536,.539,.000,.790,.593,53.555,C-F,gasolpa01
177,Chris Webber,11.0,2000-01,27,SAC,70,70,1,40.5,11.2,23.4,11.2,23.0,0.0,0.4,4.6,6.6,2.6,8.5,11.1,4.2,1.3,1.7,2.8,3.2,27.1,.481,.488,.071,.703,.516,48.135,F-C,webbech01
178,Dwyane Wade,11.0,2004-05,23,MIA,77,77,1,38.6,8.2,17.1,8.0,16.5,0.2,0.6,7.5,9.9,1.4,3.7,5.2,6.8,1.6,1.1,4.2,3.0,24.1,.478,.485,.289,.762,.561,48.293,G,wadedw01
179,Manu Ginóbili,11.0,2004-05,27,SAS,74,74,1,29.6,5.0,10.5,3.6,7.1,1.3,3.5,4.8,6.0,1.0,3.4,4.4,3.9,1.6,0.4,2.3,2.6,16.0,.471,.517,.376,.803,.609,53.269,G,ginobma01
180,Shaquille O'Neal,11.0,2004-05,32,MIA,73,73,1,34.1,9.0,15.0,9.0,15.0,0.0,0.0,4.8,10.5,3.5,6.9,10.4,2.7,0.5,2.3,2.8,3.6,22.9,.601,.601,,.461,.583,60.091,C,onealsh01
181,LaMarcus Aldridge,10.9,2017-18,32,SAS,75,75,1,33.5,9.2,18.0,8.8,16.7,0.4,1.2,4.5,5.3,3.3,5.2,8.5,2.0,0.6,1.2,1.5,2.1,23.1,.510,.526,.293,.837,.570,52.004,F-C,aldrila01
182,Tim Duncan,10.9,2009-10,33,SAS,78,77,1,31.3,7.2,13.9,7.2,13.7,0.0,0.1,3.5,4.8,2.8,7.3,10.1,3.2,0.6,1.5,1.8,1.9,17.9,.518,.522,.182,.725,.560,51.941,F-C,duncati01
183,Kobe Bryant,10.9,2012-13,34,LAL,78,78,1,38.6,9.5,20.4,7.8,15.2,1.7,5.2,6.7,8.0,0.8,4.7,5.6,6.0,1.4,0.3,3.7,2.2,27.3,.463,.510,.324,.839,.570,50.408,G-F,bryanko01
184,Dirk Nowitzki,10.9,2008-09,30,DAL,81,81,1,37.7,9.6,20.0,8.8,17.9,0.8,2.1,6.0,6.7,1.1,7.3,8.4,2.4,0.8,0.8,1.9,2.2,25.9,.479,.493,.359,.890,.564,49.783,F-C,nowitdi01
185,Steve Nash,10.9,2004-05,30,PHO,75,75,1,34.3,5.7,11.4,4.5,8.5,1.3,2.9,2.8,3.2,0.8,2.6,3.3,11.5,1.0,0.1,3.3,1.8,15.5,.502,.526,.431,.887,.606,55.659,G,nashst01
186,Dirk Nowitzki,10.9,2013-14,35,DAL,80,80,1,32.9,7.9,15.9,6.3,11.8,1.6,4.1,4.2,4.7,0.5,5.7,6.2,2.7,0.9,0.6,1.5,2.1,21.7,.497,.532,.398,.899,.603,54.870,F-C,nowitdi01
187,Al Horford,10.9,2009-10,23,ATL,81,81,1,35.1,5.8,10.5,5.8,10.4,0.0,0.0,2.6,3.3,2.9,7.0,9.9,2.3,0.7,1.1,1.5,2.8,14.2,.551,.551,1.000,.789,.594,55.195,C-F,horfoal01
188,Gilbert Arenas,10.8,2006-07,25,WAS,74,73,1,39.8,8.7,20.9,6.0,13.0,2.8,7.9,8.2,9.7,0.8,3.7,4.6,6.0,1.9,0.2,3.2,3.4,28.4,.418,.459,.351,.844,.565,48.417,G,arenagi01
189,Tim Duncan,10.8,2005-06,29,SAS,80,80,1,34.8,7.2,14.8,7.2,14.8,0.0,0.1,4.2,6.7,2.9,8.1,11.0,3.2,0.9,2.0,2.5,2.7,18.6,.484,.485,.400,.629,.523,48.523,F-C,duncati01
190,Gary Payton,10.8,2000-01,32,SEA,79,79,1,41.1,9.2,20.1,7.9,16.7,1.3,3.4,3.4,4.5,0.9,3.6,4.6,8.1,1.6,0.3,2.6,2.3,23.1,.456,.472,.375,.766,.522,48.774,G,paytoga01
191,Paul George,10.8,2013-14,23,IND,80,80,1,36.2,7.2,17.0,4.9,10.8,2.3,6.3,5.0,5.8,0.8,6.0,6.8,3.5,1.9,0.3,2.8,2.5,21.7,.424,.458,.364,.864,.555,49.046,F-G,georgpa01
192,Ray Allen,10.7,2004-05,29,SEA,78,78,1,39.3,8.2,19.2,5.5,12.0,2.7,7.1,4.8,5.5,1.0,3.4,4.4,3.7,1.1,0.1,2.2,2.1,23.9,.428,.459,.376,.883,.555,49.833,G,allenra02
193,Rudy Gobert,10.7,2019-20,27,UTA,68,68,1,34.3,5.7,8.2,5.7,8.2,0.0,0.0,3.7,5.9,3.4,10.1,13.5,1.5,0.8,2.0,1.9,3.2,15.1,.693,.693,,.630,.699,69.300,C,goberru01
194,Amar'e Stoudemire,10.7,2009-10,27,PHO,82,82,1,34.6,8.6,15.4,8.6,15.3,0.0,0.1,5.9,7.7,2.8,6.1,8.9,1.0,0.6,1.0,2.6,3.4,23.1,.557,.559,.167,.771,.615,55.736,F-C,stoudam01
195,Kobe Bryant,10.7,2003-04,25,LAL,65,64,1,37.6,7.9,18.1,6.8,14.8,1.1,3.3,7.0,8.2,1.6,3.9,5.5,5.1,1.7,0.4,2.6,2.7,24.0,.438,.463,.327,.852,.551,46.817,G-F,bryanko01
196,Yao Ming,10.7,2004-05,24,HOU,80,80,1,30.6,6.7,12.2,6.7,12.2,0.0,0.0,4.9,6.2,2.6,5.8,8.4,0.8,0.4,2.0,2.5,3.7,18.3,.552,.552,,.783,.614,55.179,C,mingya01
197,Carmelo Anthony,10.7,2013-14,29,NYK,77,77,1,38.7,9.6,21.3,7.5,15.9,2.2,5.4,6.0,7.0,1.9,6.2,8.1,3.1,1.2,0.7,2.6,2.9,27.4,.452,.469,.402,.848,.561,50.304,F,anthoca01
198,Kevin Garnett,10.7,2006-07,30,MIN,76,76,1,39.4,8.4,17.6,8.2,16.9,0.2,0.7,5.5,6.6,2.4,10.4,12.8,4.1,1.2,1.7,2.7,2.4,22.4,.476,.487,.214,.835,.546,48.024,F-C,garneke01
199,Russell Westbrook,10.6,2014-15,26,OKC,67,67,1,34.4,9.4,22.0,8.1,17.7,1.3,4.3,8.1,9.8,1.9,5.4,7.3,8.6,2.1,0.2,4.4,2.7,28.1,.426,.457,.299,.835,.536,45.547,G,westbru01
200,Allen Iverson,10.6,2005-06,30,PHI,72,72,1,43.1,11.3,25.3,10.3,22.2,1.0,3.1,9.4,11.5,0.6,2.6,3.2,7.4,1.9,0.1,3.4,1.7,33.0,.447,.465,.323,.814,.543,46.707,G,iversal01
201,Blake Griffin,10.6,2012-13,23,LAC,80,80,1,32.5,7.2,13.4,7.2,13.1,0.1,0.4,3.5,5.3,2.3,6.0,8.3,3.7,1.2,0.6,2.3,2.9,18.0,.538,.548,.179,.660,.572,54.058,F-C,griffbl01
202,Damian Lillard,10.6,2014-15,24,POR,82,82,1,35.7,7.2,16.6,4.8,9.6,2.4,7.0,4.2,4.9,0.6,4.0,4.6,6.2,1.2,0.3,2.7,2.0,21.0,.434,.500,.343,.864,.560,50.588,G,lillada01
203,Yao Ming,10.6,2008-09,28,HOU,77,77,1,33.6,7.4,13.4,7.3,13.4,0.0,0.0,4.9,5.7,2.6,7.2,9.9,1.8,0.4,1.9,3.0,3.3,19.7,.548,.548,1.000,.866,.618,54.893,C,mingya01
204,Ben Wallace,10.6,2002-03,28,DET,73,73,1,39.4,2.9,6.0,2.9,5.9,0.0,0.1,1.2,2.6,4.0,11.4,15.4,1.6,1.4,3.2,1.2,2.5,6.9,.481,.485,.167,.450,.486,48.169,F-C,wallabe01
205,Jermaine O'Neal,10.5,2002-03,24,IND,77,76,1,37.2,7.9,16.4,7.8,16.1,0.1,0.3,4.8,6.6,2.6,7.7,10.3,2.0,0.9,2.3,2.3,3.6,20.8,.484,.487,.333,.731,.539,48.690,C-F,onealje01
206,Jayson Tatum,10.5,2022-23,24,BOS,74,74,1,36.9,9.8,21.1,6.6,11.8,3.2,9.3,7.2,8.4,1.1,7.7,8.8,4.6,1.1,0.7,2.9,2.2,30.1,.466,.558,.350,.854,.607,54.330,F,tatumja01
207,Vince Carter,10.5,2006-07,30,NJN,82,82,1,38.1,8.9,19.5,7.0,14.2,1.9,5.3,5.6,7.0,1.4,4.6,6.0,4.8,1.0,0.4,2.6,3.2,25.2,.454,.491,.357,.802,.559,50.313,G-F,cartevi01
208,Steve Nash,10.5,2007-08,33,PHO,81,81,1,34.3,6.0,11.9,3.8,7.2,2.2,4.7,2.7,3.0,0.3,3.1,3.5,11.1,0.7,0.1,3.6,1.4,16.9,.504,.527,.470,.906,.641,59.719,G,nashst01
209,Karl-Anthony Towns,10.4,2018-19,23,MIN,77,77,1,33.1,8.8,17.1,7.0,12.5,1.8,4.6,4.9,5.8,3.4,9.0,12.4,3.4,0.9,1.6,3.1,3.8,24.4,.518,.562,.400,.836,.622,57.230,C-F,townska01
210,Damian Lillard,10.4,2020-21,30,POR,67,67,1,35.8,9.0,19.9,4.9,9.4,4.1,10.5,6.7,7.2,0.5,3.7,4.2,7.5,0.9,0.3,3.0,1.5,28.8,.451,.519,.391,.928,.623,55.435,G,lillada01
211,Pau Gasol,10.4,2014-15,34,CHI,78,78,1,34.4,7.3,14.8,7.2,14.4,0.2,0.3,3.8,4.7,2.8,9.0,11.8,2.7,0.3,1.9,2.0,1.9,18.5,.494,.495,.462,.803,.550,49.957,C-F,gasolpa01
212,Jayson Tatum,10.4,2023-24,25,BOS,74,74,1,35.7,9.1,19.3,6.0,11.0,3.1,8.2,5.6,6.7,0.9,7.2,8.1,4.9,1.0,0.6,2.5,2.0,26.9,.471,.542,.376,.833,.604,55.154,F,tatumja01
213,Kevin Durant,10.4,2017-18,29,GSW,68,68,1,34.2,9.3,18.0,6.7,11.9,2.5,6.1,5.3,5.9,0.5,6.4,6.8,5.4,0.7,1.8,3.0,2.0,26.4,.516,.565,.419,.889,.640,58.633,F-G,duranke01
214,Gordon Hayward,10.4,2016-17,26,UTA,73,73,1,34.5,7.5,15.8,5.4,10.7,2.0,5.1,5.0,5.9,0.7,4.7,5.4,3.5,1.0,0.3,1.9,1.6,21.9,.471,.506,.398,.844,.595,53.590,F-G,haywago01
215,Anthony Davis,10.4,2013-14,20,NOP,67,66,1,35.2,7.8,15.0,7.8,14.9,0.0,0.1,5.2,6.6,3.1,7.0,10.0,1.6,1.3,2.8,1.6,3.0,20.8,.519,.522,.222,.791,.582,52.040,F-C,davisan02
216,Kyrie Irving,10.4,2014-15,22,CLE,75,75,1,36.4,7.7,16.5,5.6,11.4,2.1,5.0,4.2,4.9,0.7,2.4,3.2,5.2,1.5,0.3,2.5,1.9,21.7,.468,.491,.415,.863,.583,53.158,G,irvinky01
217,LeBron James,10.4,2014-15,30,CLE,69,69,1,36.1,9.0,18.5,7.3,13.6,1.7,4.9,5.4,7.7,0.7,5.3,6.0,7.4,1.6,0.7,3.9,2.0,25.3,.488,.536,.354,.710,.577,53.479,F-G,jamesle01
218,Paul Pierce,10.3,2008-09,31,BOS,81,81,1,37.5,6.7,14.6,5.2,10.8,1.5,3.8,5.7,6.8,0.7,5.0,5.6,3.6,1.0,0.3,2.8,2.7,20.5,.457,.480,.391,.830,.582,50.762,F-G,piercpa01
219,Deron Williams,10.3,2009-10,25,UTA,76,76,1,36.9,6.5,13.9,5.2,10.4,1.3,3.4,4.4,5.5,0.7,3.3,4.0,10.5,1.3,0.2,3.3,2.7,18.7,.469,.501,.371,.801,.574,51.472,G,willide01
220,Kobe Bryant,10.3,2010-11,32,LAL,82,82,1,33.9,9.0,20.0,7.6,15.6,1.4,4.3,5.9,7.1,1.0,4.1,5.1,4.7,1.2,0.1,3.0,2.1,25.3,.451,.487,.323,.828,.548,48.658,G-F,bryanko01
221,Chris Bosh,10.3,2010-11,26,MIA,77,77,1,36.3,6.8,13.7,6.7,13.4,0.1,0.3,5.0,6.1,1.8,6.5,8.3,1.9,0.8,0.6,1.8,2.2,18.7,.496,.502,.240,.815,.569,49.905,F-C,boshch01
222,Andre Drummond,10.3,2017-18,24,DET,78,78,1,33.7,6.0,11.3,6.0,11.2,0.0,0.1,3.1,5.1,5.1,10.9,16.0,3.0,1.5,1.6,2.6,3.2,15.0,.529,.536,.000,.605,.555,52.894,C,drumman01
223,Karl-Anthony Towns,10.3,2021-22,26,MIN,74,74,1,33.5,8.7,16.4,6.6,11.5,2.0,4.9,5.2,6.3,2.6,7.2,9.8,3.6,1.0,1.1,3.1,3.6,24.6,.529,.580,.410,.822,.640,59.061,C-F,townska01
224,David Lee,10.3,2009-10,26,NYK,81,81,1,37.3,8.5,15.5,8.5,15.4,0.0,0.1,3.3,4.1,2.8,8.9,11.7,3.6,1.0,0.5,2.3,3.2,20.2,.545,.549,.000,.812,.584,54.531,F-C,leeda02
225,Giannis Antetokounmpo,10.2,2020-21,26,MIL,61,61,1,33.0,10.3,18.0,9.2,14.4,1.1,3.6,6.5,9.5,1.6,9.4,11.0,5.9,1.2,1.2,3.4,2.8,28.1,.569,.636,.303,.685,.633,59.955,F-G,antetgi01
226,Carlos Boozer,10.2,2007-08,26,UTA,81,81,1,34.9,8.8,16.0,8.8,16.0,0.0,0.0,3.6,4.9,2.4,8.0,10.4,2.9,1.2,0.5,2.6,3.6,21.1,.547,.547,.000,.738,.581,54.665,F-C,boozeca01
227,Marc Gasol,10.2,2014-15,30,MEM,81,81,1,33.2,6.5,13.2,6.5,13.0,0.0,0.2,4.3,5.4,1.4,6.4,7.8,3.8,0.9,1.6,2.2,2.6,17.4,.494,.500,.176,.795,.558,49.580,C,gasolma01
228,Ben Wallace,10.2,2003-04,29,DET,81,81,1,37.7,3.9,9.2,3.9,9.1,0.0,0.1,1.8,3.6,4.0,8.4,12.4,1.7,1.8,3.0,1.5,2.0,9.5,.421,.424,.125,.490,.441,42.179,F-C,wallabe01
229,Kyle Lowry,10.2,2017-18,31,TOR,78,78,1,32.2,5.2,12.1,2.1,4.5,3.1,7.6,2.9,3.3,0.8,4.7,5.6,6.9,1.1,0.2,2.3,2.5,16.2,.427,.474,.399,.854,.598,55.297,G,lowryky01
230,Luka Dončić,10.2,2022-23,23,DAL,66,66,1,36.2,10.9,22.0,8.1,13.8,2.8,8.2,7.8,10.5,0.8,7.8,8.6,8.0,1.4,0.5,3.6,2.5,32.4,.496,.588,.342,.742,.609,56.004,G-F,doncilu01
231,Peja Stojaković,10.1,2002-03,25,SAC,72,72,1,34.0,6.9,14.4,4.8,8.7,2.2,5.6,3.2,3.7,0.8,4.7,5.5,2.0,1.0,0.1,1.4,2.0,19.2,.481,.545,.382,.875,.600,55.561,F,stojape01
232,Chauncey Billups,10.1,2008-09,32,DENDET,79,79,1,35.3,5.2,12.4,3.1,7.4,2.1,5.0,5.3,5.8,0.4,2.6,3.0,6.4,1.2,0.2,2.2,2.0,17.7,.418,.425,.408,.913,.592,50.102,G,billuch01
233,Ben Wallace,10.1,2005-06,31,DET,82,82,1,35.2,2.9,5.7,2.9,5.6,0.0,0.0,1.5,3.6,3.7,7.6,11.3,1.9,1.8,2.2,1.1,2.0,7.3,.510,.514,.000,.416,.501,50.968,F-C,wallabe01
234,Chris Bosh,10.1,2007-08,23,TOR,67,67,1,36.2,7.6,15.3,7.4,15.0,0.1,0.4,7.0,8.3,2.6,6.1,8.7,2.6,0.9,1.0,2.3,2.3,22.3,.494,.496,.400,.844,.588,49.854,F-C,boshch01
235,LaMarcus Aldridge,10.1,2015-16,30,SAS,74,74,1,30.6,7.2,14.1,7.2,13.9,0.0,0.2,3.5,4.1,2.4,6.2,8.5,1.5,0.5,1.1,1.3,2.0,18.0,.513,.521,.000,.858,.565,51.292,F-C,aldrila01
236,Paul Millsap,10.1,2015-16,30,ATL,81,81,1,32.7,6.2,13.2,5.3,10.3,0.9,2.9,3.8,5.0,2.4,6.6,9.0,3.3,1.8,1.7,2.4,2.9,17.1,.470,.512,.319,.757,.556,50.469,F,millspa01
237,Paul Pierce,10.1,2002-03,25,BOS,79,79,1,39.2,8.4,20.2,6.9,15.2,1.5,4.9,7.6,9.5,1.3,6.0,7.3,4.4,1.8,0.8,3.6,2.9,25.9,.416,.454,.302,.802,.532,45.352,F-G,piercpa01
238,Kyle Lowry,10.1,2016-17,30,TOR,60,60,1,37.4,7.1,15.3,3.9,7.5,3.2,7.8,5.0,6.1,0.8,4.0,4.8,7.0,1.5,0.3,2.9,2.8,22.4,.464,.518,.412,.819,.623,56.917,G,lowryky01
239,Al Horford,10.1,2010-11,24,ATL,77,77,1,35.1,6.7,12.0,6.6,11.9,0.0,0.1,1.9,2.4,2.4,7.0,9.3,3.5,0.8,1.0,1.5,2.5,15.3,.557,.557,.500,.798,.587,55.809,C-F,horfoal01
240,Nikola Vučević,10.1,2018-19,28,ORL,80,80,1,31.4,8.8,16.9,7.7,14.0,1.1,2.9,2.2,2.8,2.8,9.2,12.0,3.8,1.0,1.1,2.0,2.0,20.8,.518,.549,.364,.789,.573,54.874,C,vucevni01
241,Tim Duncan,10.1,2008-09,32,SAS,75,75,1,33.7,7.4,14.8,7.4,14.7,0.0,0.0,4.5,6.4,2.7,8.0,10.7,3.5,0.5,1.7,2.2,2.3,19.3,.504,.505,.000,.692,.549,50.407,F-C,duncati01
242,Russell Westbrook,10.1,2017-18,29,OKC,80,80,1,36.4,9.5,21.1,8.3,17.0,1.2,4.1,5.2,7.1,1.9,8.2,10.1,10.3,1.8,0.3,4.8,2.5,25.4,.449,.485,.298,.737,.524,47.747,G,westbru01
243,Brad Miller,10.0,2003-04,27,SAC,72,53,1,36.4,5.2,10.2,5.0,9.6,0.2,0.5,3.6,4.6,2.7,7.7,10.3,4.3,0.9,1.2,2.0,3.4,14.1,.510,.521,.316,.778,.579,51.847,C-F,millebr01
244,Trae Young,10.0,2021-22,23,ATL,76,76,1,34.9,9.4,20.3,6.3,12.3,3.1,8.0,6.6,7.3,0.7,3.1,3.7,9.7,0.9,0.1,4.0,1.7,28.4,.460,.512,.382,.904,.603,53.595,G,youngtr01
245,Kevin Love,10.0,2011-12,23,MIN,55,55,1,39.0,8.6,19.3,6.7,14.1,1.9,5.1,6.9,8.4,4.1,9.2,13.3,2.0,0.9,0.5,2.3,2.8,26.0,.448,.475,.372,.824,.568,49.717,F-C,loveke01
246,Ray Allen,10.0,2010-11,35,BOS,80,80,1,36.1,6.0,12.2,3.9,7.5,2.1,4.7,2.4,2.7,0.6,2.8,3.4,2.7,1.0,0.2,1.5,1.8,16.5,.491,.520,.444,.881,.615,57.669,G,allenra02
247,Peja Stojaković,9.9,2001-02,24,SAC,71,71,1,37.3,7.7,15.9,5.9,11.5,1.8,4.4,4.0,4.5,1.0,4.2,5.3,2.5,1.1,0.2,2.0,1.7,21.2,.484,.510,.416,.876,.592,54.115,F,stojape01
248,Steve Nash,9.9,2001-02,27,DAL,82,82,1,34.6,6.4,13.3,4.5,9.1,1.9,4.2,3.2,3.6,0.6,2.5,3.1,7.7,0.6,0.0,2.8,2.0,17.9,.483,.495,.455,.887,.602,55.423,G,nashst01
249,Steve Nash,9.9,2009-10,35,PHO,81,81,1,32.8,6.2,12.2,4.6,8.6,1.5,3.6,2.6,2.8,0.4,2.9,3.3,11.0,0.5,0.1,3.6,1.3,16.5,.507,.540,.426,.938,.615,56.954,G,nashst01
250,Shaquille O'Neal,9.9,2003-04,31,LAL,67,67,1,36.8,8.3,14.1,8.3,14.1,0.0,0.0,4.9,10.1,3.7,7.8,11.5,2.9,0.5,2.5,2.9,3.4,21.5,.584,.584,,.490,.578,58.439,C,onealsh01
251,Carlos Boozer,9.9,2006-07,25,UTA,74,74,1,34.6,8.7,15.6,8.7,15.6,0.0,0.0,3.4,5.0,3.2,8.5,11.7,3.0,0.9,0.3,2.6,2.9,20.9,.561,.561,,.685,.588,56.066,F-C,boozeca01
252,Manu Ginóbili,9.9,2010-11,33,SAS,80,79,1,30.3,5.5,12.7,3.6,7.2,1.9,5.5,4.5,5.1,0.5,3.2,3.7,4.9,1.5,0.4,2.2,2.0,17.4,.433,.497,.349,.871,.581,50.884,G,ginobma01
253,DeMar DeRozan,9.9,2015-16,26,TOR,78,78,1,35.9,7.9,17.7,7.3,15.9,0.6,1.8,7.1,8.4,0.8,3.7,4.5,4.0,1.0,0.3,2.2,2.1,23.5,.446,.458,.338,.850,.550,46.296,G-F,derozde01
254,Nikola Jokić,9.8,2019-20,24,DEN,73,73,1,32.0,7.7,14.7,6.6,11.2,1.1,3.5,3.4,4.1,2.3,7.5,9.7,7.0,1.2,0.6,3.1,3.0,19.9,.528,.594,.314,.817,.605,56.489,C-F,jokicni01
255,Blake Griffin,9.8,2010-11,21,LAC,82,82,1,38.0,8.5,16.8,8.4,16.5,0.1,0.3,5.4,8.5,3.3,8.8,12.1,3.8,0.8,0.5,2.7,3.1,22.5,.506,.510,.292,.642,.549,50.836,F-C,griffbl01
256,LeBron James,9.8,2019-20,35,LAL,67,67,1,34.6,9.6,19.4,7.4,13.1,2.2,6.3,3.9,5.7,1.0,6.9,7.8,10.2,1.2,0.5,3.9,1.8,25.3,.493,.564,.348,.693,.577,55.027,F-G,jamesle01
257,Karl Malone,9.8,2001-02,38,UTA,80,80,1,38.0,7.9,17.5,7.8,17.2,0.1,0.3,6.4,8.0,1.8,6.8,8.6,4.3,1.9,0.7,3.3,2.9,22.4,.454,.456,.360,.797,.532,45.711,F,malonka01
258,Chris Bosh,9.8,2005-06,21,TOR,70,70,1,39.3,7.8,15.5,7.8,15.3,0.0,0.2,6.8,8.3,2.9,6.3,9.2,2.6,0.7,1.1,2.2,3.0,22.5,.505,.511,.000,.816,.585,50.506,F-C,boshch01
259,Mo Williams,9.8,2008-09,26,CLE,81,81,1,35.0,6.5,13.9,4.2,8.7,2.3,5.2,2.6,2.8,0.6,2.9,3.4,4.1,0.9,0.1,2.2,2.7,17.8,.467,.486,.436,.912,.588,54.840,G,willima01
260,Isaiah Thomas,9.7,2015-16,26,BOS,82,79,1,32.2,7.2,16.9,5.2,11.2,2.0,5.7,5.8,6.6,0.6,2.4,3.0,6.2,1.1,0.1,2.7,2.0,22.2,.428,.462,.359,.871,.562,48.806,G,thomais02
261,Dwight Howard,9.7,2006-07,21,ORL,82,82,1,36.9,6.4,10.6,6.4,10.6,0.0,0.0,4.8,8.1,3.5,8.8,12.3,1.9,0.9,1.9,3.9,3.0,17.6,.603,.603,.500,.586,.619,60.309,C,howardw01
262,Chris Bosh,9.7,2008-09,24,TOR,77,77,1,38.0,8.0,16.4,7.8,15.8,0.2,0.6,6.5,8.0,2.8,7.2,10.0,2.5,0.9,1.0,2.3,2.5,22.7,.487,.497,.245,.817,.569,49.169,F-C,boshch01
263,Zach Randolph,9.7,2009-10,28,MEM,81,81,1,37.7,8.0,16.5,7.9,15.9,0.2,0.6,4.5,5.7,4.1,7.7,11.7,1.8,1.0,0.4,2.1,2.8,20.8,.488,.496,.288,.778,.546,49.364,F-C,randoza01
264,Ray Allen,9.7,2007-08,32,BOS,73,73,1,35.9,6.0,13.5,3.5,7.3,2.5,6.2,2.9,3.2,1.0,2.6,3.7,3.1,0.9,0.2,1.7,2.0,17.4,.445,.485,.398,.907,.584,53.651,G,allenra02
265,Stephen Curry,9.7,2018-19,30,GSW,69,69,1,33.8,9.2,19.4,4.0,7.7,5.1,11.7,3.8,4.2,0.7,4.7,5.3,5.2,1.3,0.4,2.8,2.4,27.3,.472,.525,.437,.916,.641,60.373,G,curryst01
266,Michael Redd,9.7,2003-04,24,MIL,82,82,1,36.8,7.7,17.5,6.2,13.1,1.5,4.4,4.7,5.4,1.4,3.5,5.0,2.3,1.0,0.1,1.4,1.9,21.7,.440,.470,.350,.868,.544,48.402,G,reddmi01
267,Tony Parker,9.6,2006-07,24,SAS,77,77,1,32.5,7.4,14.2,7.2,13.7,0.2,0.5,3.6,4.5,0.4,2.8,3.2,5.5,1.1,0.1,2.5,1.8,18.6,.520,.525,.395,.783,.572,52.692,G,parketo01
268,Rajon Rondo,9.6,2009-10,23,BOS,81,81,1,36.6,5.7,11.2,5.5,10.2,0.2,1.0,2.2,3.5,1.2,3.2,4.4,9.8,2.3,0.1,3.0,2.4,13.7,.508,.536,.213,.621,.540,51.715,G,rondora01
269,Chris Bosh,9.6,2006-07,22,TOR,69,69,1,38.5,7.9,15.9,7.7,15.3,0.2,0.5,6.7,8.6,2.7,8.0,10.7,2.5,0.6,1.3,2.6,2.4,22.6,.496,.501,.343,.785,.577,50.183,F-C,boshch01
270,Jayson Tatum,9.6,2021-22,23,BOS,76,76,1,35.9,9.3,20.6,6.3,12.0,3.0,8.6,5.3,6.2,1.1,6.9,8.0,4.4,1.0,0.6,2.9,2.3,26.9,.453,.524,.353,.853,.578,52.621,F,tatumja01
271,DeMar DeRozan,9.6,2017-18,28,TOR,80,80,1,33.9,8.1,17.7,7.0,14.1,1.1,3.6,5.8,7.0,0.7,3.2,3.9,5.2,1.1,0.3,2.2,1.9,23.0,.456,.494,.310,.825,.555,48.797,G-F,derozde01
272,Tim Duncan,9.6,2014-15,38,SAS,77,77,1,28.9,5.4,10.6,5.4,10.5,0.0,0.1,3.0,4.0,2.2,6.9,9.1,3.0,0.8,2.0,1.7,2.1,13.9,.512,.514,.286,.740,.560,51.282,F-C,duncati01
273,Damian Lillard,9.6,2013-14,23,POR,82,82,1,35.8,6.7,15.9,4.1,9.1,2.7,6.8,4.5,5.2,0.4,3.1,3.5,5.6,0.8,0.3,2.4,2.4,20.7,.424,.447,.394,.871,.568,50.767,G,lillada01
274,Dwyane Wade,9.6,2012-13,31,MIA,69,69,1,34.7,8.2,15.8,8.0,14.9,0.2,1.0,4.5,6.2,1.2,3.7,5.0,5.1,1.9,0.8,2.8,2.0,21.2,.521,.537,.258,.725,.571,52.836,G,wadedw01
275,Stephon Marbury,9.6,2002-03,25,PHO,81,81,1,40.0,8.3,18.9,7.2,15.2,1.1,3.7,4.6,5.8,0.7,2.6,3.2,8.1,1.3,0.2,3.2,2.5,22.3,.439,.472,.301,.803,.520,46.765,G,marbust01
276,Dikembe Mutombo,9.6,2001-02,35,PHI,80,80,1,36.3,4.0,8.0,4.0,8.0,0.0,0.0,3.5,4.6,3.2,7.6,10.8,1.0,0.4,2.4,2.0,3.0,11.5,.501,.501,,.764,.574,50.078,C,mutomdi01
277,Tony Parker,9.6,2005-06,23,SAS,80,80,1,33.9,7.8,14.2,7.7,13.8,0.1,0.5,3.2,4.5,0.5,2.8,3.3,5.8,1.0,0.1,3.1,2.0,18.9,.548,.556,.306,.707,.584,55.326,G,parketo01
278,Brad Miller,9.6,2002-03,26,IND,73,72,1,31.1,4.5,9.1,4.4,8.9,0.1,0.2,4.0,4.9,2.5,5.7,8.3,2.6,0.9,0.6,1.6,2.8,13.1,.493,.498,.313,.818,.579,49.700,C-F,millebr01
279,Chris Bosh,9.6,2009-10,25,TOR,70,70,1,36.1,8.6,16.5,8.5,16.2,0.1,0.3,6.7,8.4,2.9,7.9,10.8,2.4,0.6,1.0,2.4,2.4,24.0,.518,.521,.364,.797,.592,52.159,F-C,boshch01
280,Jason Kidd,9.6,2000-01,27,PHO,77,76,1,39.8,5.9,14.2,5.0,11.2,0.9,3.0,4.3,5.2,1.2,5.2,6.4,9.8,2.2,0.3,3.7,2.2,16.9,.411,.442,.297,.814,.510,44.257,G,kiddja01
281,Rashard Lewis,9.5,2008-09,29,ORL,79,79,1,36.2,6.1,13.8,3.3,6.8,2.8,7.0,2.8,3.4,1.2,4.6,5.7,2.6,1.0,0.6,2.0,2.5,17.7,.439,.482,.397,.836,.580,53.994,F,lewisra02
282,Carmelo Anthony,9.5,2012-13,28,NYK,67,67,1,37.0,10.0,22.2,7.6,16.0,2.3,6.2,6.3,7.6,2.0,4.9,6.9,2.6,0.8,0.5,2.6,3.1,28.7,.449,.476,.379,.830,.560,50.201,F,anthoca01
283,Kawhi Leonard,9.5,2018-19,27,TOR,60,60,1,34.0,9.3,18.8,7.5,13.8,1.9,5.0,6.1,7.1,1.3,6.0,7.3,3.3,1.8,0.4,2.0,1.5,26.6,.496,.542,.371,.854,.606,54.562,F,leonaka01
284,Anthony Davis,9.5,2018-19,25,NOP,56,56,1,33.0,9.5,18.3,8.6,15.7,0.9,2.6,6.1,7.7,3.1,8.9,12.0,3.9,1.6,2.4,2.0,2.4,25.9,.517,.547,.331,.794,.597,53.996,F-C,davisan02
285,Chauncey Billups,9.5,2009-10,33,DEN,73,73,1,34.1,5.5,13.2,3.4,7.6,2.2,5.6,6.4,7.0,0.3,2.8,3.1,5.6,1.1,0.1,2.4,2.1,19.5,.418,.441,.386,.910,.601,49.948,G,billuch01
286,Ray Allen,9.5,2005-06,30,SEA,78,78,1,38.7,8.7,19.2,5.3,10.9,3.4,8.4,4.2,4.6,0.9,3.3,4.3,3.7,1.3,0.2,2.4,1.9,25.1,.454,.486,.412,.903,.590,54.367,G,allenra02
287,Al Horford,9.4,2015-16,29,ATL,82,82,1,32.1,6.5,12.8,5.4,9.7,1.1,3.1,1.3,1.6,1.8,5.5,7.3,3.2,0.8,1.5,1.3,2.0,15.2,.505,.557,.344,.798,.565,54.676,C-F,horfoal01
288,Kobe Bryant,9.4,2009-10,31,LAL,73,73,1,38.8,9.8,21.5,8.5,17.4,1.4,4.1,6.0,7.4,1.1,4.3,5.4,5.0,1.5,0.3,3.2,2.6,27.0,.456,.487,.329,.811,.545,48.789,G-F,bryanko01
289,Russell Westbrook,9.4,2010-11,22,OKC,82,82,1,34.7,7.5,17.0,7.1,15.7,0.4,1.3,6.5,7.7,1.5,3.1,4.6,8.2,1.9,0.4,3.9,2.5,21.9,.442,.451,.330,.842,.538,45.396,G,westbru01
290,Vince Carter,9.4,2004-05,28,NJNTOR,77,76,1,36.7,9.0,20.0,7.4,15.9,1.6,4.1,4.8,6.0,1.4,3.8,5.2,4.2,1.4,0.6,2.2,3.2,24.5,.452,.463,.406,.798,.541,49.286,G-F,cartevi01
291,Chris Paul,9.4,2021-22,36,PHO,65,65,1,32.9,5.6,11.3,4.6,8.3,1.0,3.1,2.6,3.1,0.3,4.0,4.4,10.8,1.9,0.3,2.4,2.1,14.7,.493,.559,.317,.837,.581,53.601,G,paulch01
292,Tony Parker,9.3,2012-13,30,SAS,66,66,1,32.9,7.9,15.1,7.5,14.0,0.4,1.0,4.2,5.0,0.3,2.7,3.0,7.6,0.8,0.1,2.6,1.4,20.3,.522,.534,.353,.845,.588,53.367,G,parketo01
293,Tyson Chandler,9.3,2012-13,30,NYK,66,66,1,32.8,3.9,6.1,3.9,6.1,0.0,0.0,2.7,3.9,4.1,6.6,10.7,0.9,0.6,1.1,1.3,2.8,10.4,.638,.638,,.694,.671,63.750,C,chandty01
294,LaMarcus Aldridge,9.3,2018-19,33,SAS,81,81,1,33.2,8.4,16.3,8.3,15.8,0.1,0.5,4.3,5.1,3.1,6.1,9.2,2.4,0.5,1.3,1.8,2.2,21.3,.519,.528,.238,.847,.576,52.237,F-C,aldrila01
295,Vince Carter,9.3,2005-06,29,NJN,79,79,1,36.8,8.3,19.2,6.7,14.6,1.6,4.6,6.1,7.6,1.7,4.1,5.8,4.3,1.2,0.7,2.7,3.0,24.2,.430,.459,.341,.799,.536,47.134,G-F,cartevi01
296,Jason Kidd,9.3,2006-07,33,NJN,80,80,1,36.7,4.6,11.4,3.1,6.8,1.6,4.5,2.2,2.9,1.7,6.5,8.2,9.2,1.6,0.3,2.7,1.8,13.0,.406,.448,.343,.778,.516,47.467,G,kiddja01
297,Devin Booker,9.2,2023-24,27,PHO,68,68,1,36.0,9.4,19.2,7.2,13.0,2.2,6.1,6.0,6.7,0.8,3.7,4.5,6.9,0.9,0.4,2.6,3.0,27.1,.492,.552,.364,.886,.611,55.019,G,bookede01
298,Paul George,9.2,2015-16,25,IND,81,81,1,34.8,7.5,17.9,4.9,10.9,2.6,7.0,5.6,6.5,1.0,6.0,7.0,4.1,1.9,0.4,3.3,2.8,23.1,.418,.447,.371,.860,.557,48.999,F-G,georgpa01
299,Blake Griffin,9.2,2011-12,22,LAC,66,66,1,36.2,8.5,15.5,8.5,15.2,0.0,0.2,3.7,7.1,3.3,7.6,10.9,3.2,0.8,0.7,2.3,3.3,20.7,.549,.556,.125,.521,.557,54.990,F-C,griffbl01
300,Chris Paul,9.2,2020-21,35,PHO,70,70,1,31.4,6.3,12.6,4.8,8.9,1.5,3.7,2.4,2.6,0.4,4.1,4.5,8.9,1.4,0.3,2.2,2.4,16.4,.499,.543,.395,.934,.599,55.745,G,paulch01
301,Allen Iverson,9.2,2002-03,27,PHI,82,82,1,42.5,9.8,23.7,8.8,20.0,1.0,3.7,7.0,9.0,0.8,3.4,4.2,5.5,2.7,0.2,3.5,1.8,27.6,.414,.440,.277,.774,.500,43.608,G,iversal01
302,Jimmy Butler,9.2,2021-22,32,MIA,57,57,1,33.9,7.0,14.5,6.5,12.5,0.5,2.0,6.9,8.0,1.8,4.1,5.9,5.5,1.6,0.5,2.1,1.5,21.4,.480,.520,.233,.870,.592,49.638,F-G,butleji01
303,Jerry Stackhouse,9.2,2000-01,26,DET,80,80,1,40.2,9.7,24.1,7.6,18.2,2.1,5.9,8.3,10.1,1.2,2.7,3.9,5.1,1.2,0.7,4.1,2.0,29.8,.402,.418,.351,.822,.521,44.473,G-F,stackje01
304,Antawn Jamison,9.2,2007-08,31,WAS,79,79,1,38.7,7.8,17.9,6.3,13.5,1.5,4.5,4.2,5.5,2.7,7.5,10.2,1.5,1.3,0.4,1.4,2.5,21.4,.436,.468,.339,.760,.525,47.848,F,jamisan01
305,Jimmy Butler,9.1,2015-16,26,CHI,67,67,1,36.9,7.0,15.4,6.1,12.4,1.0,3.1,5.9,7.1,1.2,4.2,5.3,4.8,1.6,0.6,2.0,1.9,20.9,.454,.489,.312,.832,.562,48.502,F-G,butleji01
306,David Lee,9.1,2012-13,29,GSW,79,79,1,36.8,7.6,14.7,7.6,14.6,0.0,0.1,3.2,4.1,2.8,8.5,11.2,3.5,0.8,0.3,2.6,3.1,18.5,.519,.521,.000,.797,.561,51.897,F-C,leeda02
307,Gary Payton,9.1,2002-03,34,MILSEA,80,80,1,40.1,8.3,18.3,7.6,16.1,0.7,2.3,3.1,4.4,1.0,3.2,4.2,8.3,1.7,0.3,2.3,2.3,20.4,.454,.476,.297,.710,.504,47.203,G,paytoga01
308,Brandon Roy,9.1,2009-10,25,POR,65,65,1,37.2,7.6,16.0,6.4,12.6,1.1,3.4,5.3,6.8,1.1,3.3,4.4,4.7,0.9,0.2,2.0,2.1,21.5,.473,.512,.330,.780,.568,50.819,G,roybr01
309,Stephen Curry,9.1,2017-18,29,GSW,51,51,1,32.0,8.4,16.9,4.2,7.1,4.2,9.8,5.5,5.9,0.7,4.4,5.1,6.1,1.6,0.2,3.0,2.2,26.4,.495,.595,.423,.921,.675,61.806,G,curryst01
310,Tyrese Haliburton,9.0,2023-24,23,IND,69,68,1,32.2,7.2,15.2,4.4,7.4,2.8,7.8,2.8,3.3,0.5,3.4,3.9,10.9,1.2,0.7,2.3,1.1,20.1,.477,.595,.364,.855,.605,57.013,G,halibty01
311,DeMar DeRozan,9.0,2016-17,27,TOR,74,74,1,35.4,9.7,20.9,9.3,19.2,0.4,1.7,7.4,8.7,0.9,4.3,5.2,3.9,1.1,0.2,2.4,1.8,27.3,.467,.484,.266,.842,.552,47.735,G-F,derozde01
312,Damian Lillard,9.0,2022-23,32,POR,58,58,1,36.3,9.6,20.7,5.4,9.4,4.2,11.3,8.8,9.6,0.8,4.0,4.8,7.3,0.9,0.3,3.3,1.9,32.2,.463,.574,.371,.914,.645,56.406,G,lillada01
313,Allen Iverson,9.0,2004-05,29,PHI,75,75,1,42.3,10.3,24.2,8.9,19.7,1.4,4.5,8.7,10.5,0.7,3.3,4.0,7.9,2.4,0.1,4.6,1.9,30.7,.424,.451,.308,.835,.532,45.270,G,iversal01
314,Stephen Curry,9.0,2020-21,32,GSW,63,63,1,34.2,10.4,21.7,5.1,9.0,5.3,12.7,5.7,6.3,0.5,5.0,5.5,5.8,1.2,0.1,3.4,1.9,32.0,.482,.569,.421,.916,.655,60.549,G,curryst01
315,Jimmy Butler,9.0,2019-20,30,MIA,58,58,1,33.8,5.9,13.1,5.4,11.0,0.5,2.1,7.6,9.1,1.8,4.8,6.7,6.0,1.8,0.6,2.2,1.4,19.9,.455,.495,.244,.834,.585,47.427,F-G,butleji01
316,Paul George,9.0,2012-13,22,IND,79,79,1,37.6,6.2,14.9,4.1,8.9,2.2,5.9,2.8,3.5,1.1,6.5,7.6,4.1,1.8,0.6,2.9,2.9,17.4,.419,.457,.362,.807,.531,49.150,F-G,georgpa01
317,Jermaine O'Neal,9.0,2003-04,25,IND,78,78,1,35.7,7.8,17.9,7.8,17.7,0.0,0.2,4.5,5.9,2.5,7.5,10.0,2.1,0.8,2.6,2.3,3.2,20.1,.434,.438,.111,.757,.489,43.500,C-F,onealje01
318,Jamal Mashburn,9.0,2002-03,30,NOH,82,81,1,40.5,8.2,19.3,6.7,15.6,1.5,3.7,3.8,4.5,0.8,5.3,6.1,5.6,1.0,0.2,2.8,2.4,21.6,.422,.430,.389,.848,.507,45.996,F,mashbja01
319,Blake Griffin,9.0,2014-15,25,LAC,67,67,1,35.2,8.6,17.1,8.4,16.7,0.1,0.4,4.6,6.4,1.9,5.7,7.6,5.3,0.9,0.5,2.3,2.9,21.9,.502,.504,.400,.728,.551,50.612,F-C,griffbl01
320,Kyrie Irving,9.0,2018-19,26,BOS,67,67,1,33.0,9.0,18.5,6.4,12.0,2.6,6.5,3.2,3.7,1.1,3.9,5.0,6.9,1.5,0.5,2.6,2.5,23.8,.487,.533,.401,.873,.592,55.681,G,irvinky01
321,Chris Bosh,9.0,2012-13,28,MIA,74,74,1,33.2,6.6,12.3,6.3,11.3,0.3,1.0,3.3,4.1,1.8,5.0,6.8,1.7,0.9,1.4,1.7,2.3,16.6,.535,.557,.284,.798,.592,54.631,F-C,boshch01
322,Kevin Garnett,9.0,2010-11,34,BOS,71,71,1,31.3,6.1,11.6,6.1,11.5,0.0,0.1,2.6,3.1,1.2,7.7,8.9,2.4,1.3,0.8,1.6,2.1,14.9,.528,.530,.200,.862,.575,52.859,F-C,garneke01
323,Brook Lopez,9.0,2012-13,24,BRK,74,74,1,30.4,7.7,14.8,7.7,14.8,0.0,0.0,4.0,5.3,2.8,4.1,6.9,0.9,0.4,2.1,1.8,2.1,19.4,.521,.522,.000,.758,.567,52.102,C,lopezbr01
324,Kyrie Irving,8.9,2016-17,24,CLE,72,72,1,35.1,9.3,19.7,6.9,13.6,2.5,6.1,4.1,4.6,0.7,2.5,3.2,5.8,1.2,0.3,2.5,2.2,25.2,.473,.505,.401,.905,.580,53.486,G,irvinky01
325,Jimmy Butler,8.9,2017-18,28,MIN,59,59,1,36.7,7.4,15.6,6.2,12.2,1.2,3.4,6.2,7.2,1.3,4.0,5.3,4.9,2.0,0.4,1.8,1.3,22.2,.474,.509,.350,.854,.590,51.249,F-G,butleji01
326,Jason Kidd,8.9,2001-02,28,NJN,82,82,1,37.3,5.4,13.9,4.0,9.4,1.4,4.4,2.5,3.0,1.6,5.7,7.3,9.9,2.1,0.2,3.5,1.7,14.7,.391,.424,.321,.814,.484,44.244,G,kiddja01
327,Kyrie Irving,8.9,2017-18,25,BOS,60,60,1,32.2,8.9,18.1,6.1,11.3,2.8,6.8,3.9,4.4,0.6,3.2,3.8,5.1,1.1,0.3,2.3,2.0,24.4,.491,.541,.408,.889,.610,56.762,G,irvinky01
328,Kawhi Leonard,8.9,2023-24,32,LAC,68,68,1,34.3,9.0,17.1,6.9,12.1,2.1,4.9,3.7,4.2,1.2,4.9,6.1,3.6,1.6,0.9,1.8,1.4,23.7,.525,.569,.417,.885,.626,58.520,F,leonaka01
329,Donovan Mitchell,8.9,2022-23,26,CLE,68,68,1,35.8,10.0,20.6,6.4,11.3,3.6,9.3,4.7,5.4,0.9,3.3,4.3,4.4,1.5,0.4,2.6,2.5,28.3,.484,.566,.386,.867,.614,57.168,G,mitchdo01
330,Rasheed Wallace,8.9,2005-06,31,DET,80,80,1,34.8,5.7,13.3,3.8,7.9,1.9,5.4,1.7,2.3,1.1,5.7,6.8,2.3,1.0,1.6,1.1,2.9,15.1,.430,.480,.357,.743,.527,50.281,F-C,wallara01
331,Ray Allen,8.9,2001-02,26,MIL,69,67,1,36.6,7.7,16.6,4.4,9.0,3.3,7.7,3.1,3.6,1.2,3.3,4.5,3.9,1.3,0.3,2.3,2.3,21.8,.462,.485,.434,.873,.598,56.141,G,allenra02
332,Chris Paul,8.9,2019-20,34,OKC,70,70,1,31.5,6.2,12.7,4.6,8.3,1.6,4.3,3.6,4.0,0.4,4.6,5.0,6.7,1.6,0.2,2.3,2.3,17.6,.489,.554,.365,.907,.610,55.186,G,paulch01
333,Paul George,8.9,2017-18,27,OKC,79,79,1,36.6,7.3,17.0,4.2,9.3,3.1,7.7,4.3,5.2,0.9,4.7,5.7,3.3,2.0,0.5,2.7,2.9,21.9,.430,.454,.401,.822,.570,52.090,F-G,georgpa01
334,Jason Kidd,8.9,2009-10,36,DAL,80,80,1,36.0,3.6,8.4,1.4,3.2,2.2,5.2,1.0,1.2,0.6,5.0,5.6,9.1,1.8,0.4,2.4,1.8,10.3,.423,.420,.425,.808,.577,55.440,G,kiddja01
335,DeMar DeRozan,8.8,2013-14,24,TOR,79,79,1,38.2,7.6,17.8,6.8,15.2,0.8,2.7,6.6,8.0,0.6,3.7,4.3,4.0,1.1,0.4,2.2,2.5,22.7,.429,.451,.305,.824,.532,45.203,G-F,derozde01
336,Josh Howard,8.8,2006-07,26,DAL,70,69,1,35.1,7.0,15.4,5.7,11.9,1.3,3.4,3.5,4.2,1.9,4.9,6.8,1.8,1.2,0.8,1.8,2.6,18.9,.459,.480,.385,.827,.548,50.140,F-G,howarjo01
337,Klay Thompson,8.8,2014-15,24,GSW,77,77,1,31.9,7.8,16.9,4.7,9.8,3.1,7.1,2.9,3.3,0.4,2.9,3.2,2.9,1.1,0.8,1.9,1.6,21.7,.463,.481,.439,.879,.591,55.543,G-F,thompkl01
338,Luka Dončić,8.8,2019-20,20,DAL,61,61,1,33.6,9.5,20.6,6.7,11.7,2.8,8.9,7.0,9.2,1.3,8.1,9.4,8.8,1.0,0.2,4.3,2.5,28.8,.463,.574,.316,.758,.585,53.108,G-F,doncilu01
339,John Wall,8.8,2016-17,26,WAS,78,78,1,36.4,8.3,18.4,7.2,14.9,1.1,3.5,5.4,6.8,0.8,3.4,4.2,10.7,2.0,0.6,4.1,1.9,23.1,.451,.480,.327,.801,.541,48.188,G,walljo01
340,Dwyane Wade,8.8,2006-07,25,MIA,51,50,1,37.9,9.3,18.9,8.8,17.3,0.4,1.5,8.5,10.5,1.0,3.7,4.7,7.5,2.1,1.2,4.2,2.3,27.4,.491,.511,.266,.807,.583,50.156,G,wadedw01
341,Kawhi Leonard,8.8,2020-21,29,LAC,52,52,1,34.1,8.9,17.5,7.0,12.6,1.9,4.9,5.0,5.7,1.1,5.4,6.5,5.2,1.6,0.4,2.0,1.6,24.8,.512,.557,.398,.885,.622,56.773,F,leonaka01
342,DeMar DeRozan,8.8,2021-22,32,CHI,76,76,1,36.1,10.2,20.2,9.5,18.3,0.7,1.9,6.8,7.8,0.7,4.4,5.2,4.9,0.9,0.3,2.4,2.3,27.9,.504,.520,.352,.877,.590,52.052,G-F,derozde01
343,Joel Embiid,8.8,2020-21,26,PHI,51,51,1,31.1,9.0,17.6,7.9,14.6,1.1,3.0,9.2,10.7,2.2,8.4,10.6,2.8,1.0,1.4,3.1,2.4,28.5,.513,.541,.377,.859,.636,54.505,C,embiijo01
344,Mehmet Okur,8.8,2006-07,27,UTA,80,80,1,33.3,6.1,13.3,4.5,9.1,1.6,4.2,3.7,4.8,2.0,5.2,7.2,2.0,0.5,0.5,1.6,3.2,17.6,.462,.498,.384,.765,.571,52.262,C-F,okurme01
345,Yao Ming,8.7,2002-03,22,HOU,82,72,1,29.0,4.9,9.8,4.9,9.8,0.0,0.0,3.7,4.5,2.4,5.8,8.2,1.7,0.4,1.8,2.1,2.8,13.5,.498,.498,.500,.811,.570,49.876,C,mingya01
346,Wally Szczerbiak,8.7,2001-02,24,MIN,82,82,1,38.0,7.4,14.6,6.4,12.3,1.1,2.3,2.8,3.3,1.5,3.3,4.8,3.1,0.8,0.3,2.2,2.3,18.7,.508,.517,.455,.831,.580,54.375,F,szczewa02
347,Joel Embiid,8.7,2018-19,24,PHI,64,64,1,33.7,9.1,18.7,7.8,14.6,1.2,4.1,8.2,10.1,2.5,11.1,13.6,3.7,0.7,1.9,3.5,3.3,27.5,.484,.535,.300,.804,.593,51.668,C,embiijo01
348,Kawhi Leonard,8.7,2019-20,28,LAC,57,57,1,32.4,9.3,19.9,7.2,14.2,2.2,5.7,6.2,7.1,0.9,6.1,7.1,4.9,1.8,0.6,2.6,2.0,27.1,.470,.506,.378,.886,.589,52.383,F,leonaka01
349,Zion Williamson,8.7,2020-21,20,NOP,61,61,1,33.2,10.4,17.0,10.2,16.4,0.2,0.6,6.0,8.7,2.7,4.5,7.2,3.7,0.9,0.6,2.7,2.2,27.0,.611,.622,.294,.698,.649,61.620,F-C,willizi01
350,Al Horford,8.7,2014-15,28,ATL,76,76,1,30.5,6.8,12.7,6.7,12.2,0.1,0.5,1.4,1.9,1.7,5.4,7.2,3.2,0.9,1.3,1.3,1.6,15.2,.538,.547,.306,.759,.563,54.352,C-F,horfoal01
351,Chris Webber,8.6,2001-02,28,SAC,54,54,1,38.4,9.9,19.9,9.8,19.6,0.1,0.4,4.7,6.3,2.8,7.3,10.1,4.8,1.7,1.4,2.9,3.4,24.5,.495,.499,.263,.749,.540,49.721,F-C,webbech01
352,Tracy McGrady,8.6,2006-07,27,HOU,71,71,1,35.8,9.0,20.8,7.2,15.5,1.8,5.4,4.9,6.9,0.8,4.5,5.3,6.5,1.3,0.5,3.0,1.9,24.6,.431,.466,.331,.707,.515,47.365,G-F,mcgratr01
353,LaMarcus Aldridge,8.6,2014-15,29,POR,71,71,1,35.4,9.3,19.9,8.8,18.5,0.5,1.5,4.3,5.1,2.5,7.7,10.2,1.7,0.7,1.0,1.7,1.8,23.4,.466,.475,.352,.845,.528,47.880,F-C,aldrila01
354,Tony Parker,8.6,2008-09,26,SAS,72,71,1,34.1,8.9,17.5,8.6,16.6,0.3,0.9,3.9,5.0,0.4,2.7,3.1,6.9,0.9,0.1,2.6,1.5,22.0,.506,.518,.292,.782,.556,51.346,G,parketo01
355,Giannis Antetokounmpo,8.6,2022-23,28,MIL,63,63,1,32.1,11.2,20.3,10.5,17.6,0.7,2.7,7.9,12.3,2.2,9.6,11.8,5.7,0.8,0.8,3.9,3.1,31.1,.553,.596,.275,.645,.605,57.160,F-G,antetgi01
356,Kemba Walker,8.6,2017-18,27,CHO,80,80,1,34.2,7.4,17.0,4.5,9.5,2.9,7.5,4.5,5.3,0.4,2.7,3.1,5.6,1.1,0.3,2.2,1.2,22.1,.431,.469,.384,.864,.572,51.614,G,walkeke02
357,Yao Ming,8.6,2005-06,25,HOU,57,57,1,34.2,8.2,15.8,8.2,15.8,0.0,0.0,5.9,6.9,2.6,7.6,10.2,1.5,0.5,1.6,2.6,3.4,22.3,.519,.519,.000,.853,.592,51.889,C,mingya01
358,DeMar DeRozan,8.5,2022-23,33,CHI,74,74,1,36.2,8.9,17.6,8.3,15.7,0.6,1.9,6.2,7.1,0.5,4.2,4.6,5.1,1.1,0.5,2.1,2.5,24.5,.504,.526,.324,.872,.592,52.187,G-F,derozde01
359,LeBron James,8.5,2023-24,39,LAL,71,71,1,35.3,9.6,17.9,7.5,12.8,2.1,5.1,4.3,5.7,0.9,6.4,7.3,8.3,1.3,0.5,3.5,1.1,25.7,.540,.592,.410,.750,.630,59.850,F-G,jamesle01
360,Ben Wallace,8.5,2004-05,30,DET,74,74,1,36.1,4.0,8.8,4.0,8.7,0.0,0.1,1.8,4.1,3.9,8.2,12.2,1.7,1.4,2.4,1.1,2.1,9.7,.453,.458,.111,.428,.459,45.392,F-C,wallabe01
361,Michael Finley,8.5,2000-01,27,DAL,82,82,1,42.0,8.7,18.9,7.6,15.7,1.1,3.2,3.1,4.0,1.3,3.9,5.2,4.4,1.4,0.4,2.3,2.1,21.5,.458,.481,.346,.775,.521,48.744,G-F,finlemi01
362,Jarrett Allen,8.5,2021-22,23,CLE,56,56,1,32.3,6.6,9.7,6.6,9.6,0.0,0.2,2.9,4.2,3.4,7.3,10.8,1.6,0.8,1.3,1.7,1.7,16.1,.677,.688,.100,.708,.698,67.798,C-F,allenja01
363,Bam Adebayo,8.5,2019-20,22,MIA,72,72,1,33.6,6.1,11.0,6.1,10.8,0.0,0.2,3.7,5.3,2.4,7.8,10.2,5.1,1.1,1.3,2.8,2.5,15.9,.557,.564,.143,.691,.598,55.823,C-F,adebaba01
364,Kevin Durant,8.4,2021-22,33,BRK,55,55,1,37.2,10.5,20.3,8.4,14.8,2.1,5.5,6.8,7.4,0.5,6.9,7.4,6.4,0.9,0.9,3.5,2.1,29.9,.518,.568,.383,.910,.634,56.996,F-G,duranke01
365,Tracy McGrady,8.4,2003-04,24,ORL,67,67,1,39.9,9.7,23.4,7.1,15.7,2.6,7.7,5.9,7.5,1.4,4.6,6.0,5.5,1.4,0.6,2.7,1.9,28.0,.417,.455,.339,.796,.526,47.254,G-F,mcgratr01
366,Rashard Lewis,8.4,2004-05,25,SEA,71,71,1,38.0,7.5,16.2,5.1,10.1,2.4,6.1,3.1,4.0,1.5,3.9,5.5,1.3,1.1,0.9,1.7,2.2,20.5,.462,.499,.400,.777,.571,53.736,F,lewisra02
367,Joe Johnson,8.4,2009-10,28,ATL,76,76,1,38.0,8.4,18.2,6.7,13.6,1.7,4.6,2.9,3.5,1.0,3.7,4.6,4.9,1.1,0.1,1.9,1.9,21.3,.458,.488,.369,.818,.538,50.469,G-F,johnsjo02
368,David West,8.4,2007-08,27,NOH,76,76,1,37.8,8.3,17.2,8.2,16.8,0.1,0.3,3.9,4.6,2.4,6.5,8.9,2.3,0.8,1.3,2.2,2.7,20.6,.482,.487,.240,.850,.535,48.429,F-C,westda01
369,Yao Ming,8.3,2007-08,27,HOU,55,55,1,37.2,7.9,15.5,7.9,15.5,0.0,0.0,6.3,7.4,3.1,7.7,10.8,2.3,0.5,2.0,3.3,3.1,22.0,.507,.508,.000,.850,.587,50.704,C,mingya01
370,Paul Pierce,8.3,2009-10,32,BOS,71,71,1,34.0,5.8,12.2,4.2,8.5,1.5,3.7,5.2,6.1,0.5,3.8,4.4,3.1,1.2,0.4,2.3,2.8,18.3,.472,.497,.414,.852,.613,53.460,F-G,piercpa01
371,Paul Millsap,8.3,2014-15,29,ATL,73,73,1,32.7,6.1,12.7,5.0,9.8,1.1,3.0,3.5,4.6,1.9,5.9,7.8,3.1,1.8,0.9,2.3,2.8,16.7,.476,.513,.356,.757,.565,51.774,F,millspa01
372,Tim Duncan,8.3,2012-13,36,SAS,69,69,1,30.1,7.1,14.1,7.1,14.0,0.0,0.1,3.6,4.3,1.8,8.1,9.9,2.7,0.7,2.7,2.1,1.7,17.8,.502,.504,.286,.817,.554,50.307,F-C,duncati01
373,Kevin Durant,8.3,2023-24,35,PHO,75,75,1,37.2,10.0,19.1,7.8,13.7,2.2,5.4,4.8,5.6,0.5,6.1,6.6,5.0,0.9,1.2,3.3,1.8,27.1,.523,.567,.413,.856,.626,58.148,F-G,duranke01
374,Victor Oladipo,8.2,2017-18,25,IND,75,75,1,34.0,8.5,17.9,6.4,12.1,2.1,5.8,3.9,4.9,0.6,4.6,5.2,4.3,2.4,0.8,2.9,2.3,23.1,.477,.528,.371,.799,.577,53.689,G,oladivi01
375,Draymond Green,8.2,2016-17,26,GSW,76,76,1,32.5,3.6,8.6,2.5,5.1,1.1,3.5,2.0,2.8,1.3,6.6,7.9,7.0,2.0,1.4,2.4,2.9,10.2,.418,.494,.308,.709,.522,48.077,F,greendr01
376,Ben Simmons,8.2,2018-19,22,PHI,79,79,1,34.2,6.8,12.2,6.8,12.1,0.0,0.1,3.3,5.4,2.2,6.6,8.8,7.7,1.4,0.8,3.5,2.6,16.9,.563,.566,.000,.600,.582,56.250,G-F,simmobe01
377,Marc Gasol,8.2,2011-12,27,MEM,65,65,1,36.5,5.5,11.4,5.5,11.2,0.0,0.2,3.6,4.9,1.8,7.1,8.9,3.1,1.0,1.9,1.9,3.1,14.6,.482,.489,.083,.748,.541,48.311,C,gasolma01
378,Carmelo Anthony,8.2,2007-08,23,DEN,77,77,1,36.4,9.5,19.2,8.7,17.1,0.8,2.1,6.0,7.7,2.3,5.1,7.4,3.4,1.3,0.5,3.3,3.3,25.7,.492,.509,.354,.786,.568,51.114,F,anthoca01
379,Lauri Markkanen,8.2,2022-23,25,UTA,66,66,1,34.4,8.7,17.3,5.6,9.6,3.0,7.7,5.3,6.0,2.0,6.7,8.6,1.9,0.6,0.6,1.9,2.1,25.6,.499,.585,.391,.875,.640,58.603,F-C,markkla01
380,Baron Davis,8.2,2001-02,22,CHH,82,82,1,40.5,6.8,16.4,4.7,10.5,2.1,5.8,2.4,4.1,1.1,3.1,4.3,8.5,2.1,0.6,3.0,2.9,18.1,.417,.451,.356,.580,.498,48.024,G,davisba01
381,Dikembe Mutombo,8.1,2000-01,34,ATLPHI,75,75,1,34.5,3.6,7.4,3.6,7.4,0.0,0.0,2.8,3.9,4.1,9.4,13.5,1.0,0.4,2.7,1.9,2.7,10.0,.484,.484,,.725,.547,48.381,C,mutomdi01
382,Kobe Bryant,8.1,2004-05,26,LAL,66,66,1,40.7,8.7,20.1,6.7,14.2,2.0,5.9,8.2,10.1,1.4,4.5,5.9,6.0,1.3,0.8,4.1,2.6,27.6,.433,.472,.339,.816,.563,48.225,G-F,bryanko01
383,Richard Hamilton,8.1,2006-07,28,DET,75,75,1,36.8,7.3,15.6,6.7,13.9,0.6,1.7,4.6,5.4,1.0,2.8,3.8,3.8,0.8,0.2,2.1,3.1,19.8,.468,.483,.341,.861,.551,48.632,G-F,hamilri01
384,Zydrunas Ilgauskas,8.1,2004-05,29,CLE,78,78,1,33.5,5.9,12.6,5.8,12.5,0.0,0.1,5.2,6.4,3.8,4.8,8.6,1.3,0.7,2.1,2.4,4.0,16.9,.468,.469,.286,.799,.550,46.885,C,ilgauzy01
385,Kemba Walker,8.1,2016-17,26,CHO,79,79,1,34.7,8.1,18.3,5.1,10.7,3.0,7.6,3.8,4.5,0.6,3.3,3.9,5.5,1.1,0.3,2.1,1.5,23.2,.444,.476,.399,.847,.569,52.657,G,walkeke02
386,Julius Randle,8.1,2022-23,28,NYK,77,77,1,35.5,8.5,18.6,5.7,10.3,2.8,8.3,5.2,6.9,1.8,8.1,10.0,4.1,0.6,0.3,2.8,3.0,25.1,.459,.553,.343,.757,.581,53.561,F-C,randlju01
387,Tyrese Maxey,8.1,2023-24,23,PHI,70,70,1,37.5,9.1,20.3,6.1,12.1,3.0,8.1,4.7,5.4,0.5,3.2,3.7,6.2,1.0,0.5,1.7,2.2,25.9,.450,.501,.373,.868,.573,52.431,G,maxeyty01
388,Andrew Bynum,8.0,2011-12,24,LAL,60,60,1,35.2,7.4,13.3,7.4,13.2,0.0,0.1,3.9,5.6,3.2,8.6,11.8,1.4,0.5,1.9,2.5,1.7,18.7,.558,.560,.200,.692,.594,55.842,C,bynuman01
389,Dwight Howard,8.0,2013-14,28,HOU,71,71,1,33.7,6.7,11.3,6.6,11.2,0.0,0.1,4.9,9.0,3.3,8.9,12.2,1.8,0.8,1.8,3.2,3.4,18.3,.591,.594,.286,.547,.600,59.250,C,howardw01
390,Klay Thompson,8.0,2015-16,25,GSW,80,80,1,33.3,8.1,17.3,4.7,9.2,3.5,8.1,2.4,2.8,0.4,3.4,3.8,2.1,0.8,0.6,1.7,1.9,22.1,.470,.510,.425,.873,.597,56.926,G-F,thompkl01
391,Blake Griffin,8.0,2018-19,29,DET,75,75,1,35.0,8.3,17.9,5.7,10.9,2.5,7.0,5.5,7.3,1.3,6.2,7.5,5.4,0.7,0.4,3.4,2.7,24.5,.462,.525,.362,.753,.581,53.207,F-C,griffbl01
392,Chris Bosh,8.0,2013-14,29,MIA,79,79,1,32.0,6.2,12.1,5.3,9.3,0.9,2.8,2.8,3.4,1.2,5.4,6.6,1.1,1.0,1.0,1.6,2.4,16.2,.516,.569,.339,.820,.597,55.509,F-C,boshch01
393,Brandon Roy,8.0,2007-08,23,POR,74,74,1,37.7,7.2,15.8,6.2,12.9,1.0,2.9,3.8,5.0,1.1,3.6,4.7,5.8,1.1,0.2,1.8,2.0,19.1,.454,.480,.340,.753,.531,48.504,G,roybr01
394,Metta World Peace,8.0,2003-04,24,IND,73,71,1,37.2,6.4,15.2,5.4,11.9,1.0,3.3,4.4,6.0,1.4,3.9,5.3,3.7,2.1,0.7,2.8,2.7,18.3,.421,.452,.310,.733,.511,45.459,F,artesro01
395,Amar'e Stoudemire,8.0,2010-11,28,NYK,78,78,1,36.8,9.5,19.0,9.4,18.7,0.1,0.3,6.1,7.7,2.5,5.6,8.2,2.6,0.9,1.9,3.2,3.5,25.3,.502,.503,.435,.792,.565,50.540,F-C,stoudam01
396,Stephen Curry,8.0,2021-22,33,GSW,64,64,1,34.5,8.4,19.1,3.9,7.4,4.5,11.7,4.3,4.7,0.5,4.7,5.2,6.3,1.3,0.4,3.2,2.0,25.5,.437,.527,.380,.923,.601,55.351,G,curryst01
397,Danny Granger,8.0,2008-09,25,IND,67,66,1,36.2,8.5,19.1,5.8,12.3,2.7,6.7,6.0,6.9,0.7,4.4,5.1,2.7,1.0,1.4,2.5,3.1,25.8,.447,.470,.404,.878,.584,51.840,F,grangda01
398,Carmelo Anthony,7.9,2009-10,25,DEN,69,69,1,38.2,10.0,21.8,9.1,19.1,0.9,2.7,7.4,8.9,2.2,4.4,6.6,3.2,1.3,0.4,3.0,3.3,28.2,.458,.478,.316,.830,.548,47.770,F,anthoca01
399,John Wall,7.9,2013-14,23,WAS,82,82,1,36.3,7.1,16.3,5.7,12.5,1.3,3.8,3.9,4.8,0.5,3.6,4.1,8.8,1.8,0.5,3.6,2.7,19.3,.433,.458,.351,.805,.524,47.345,G,walljo01
400,Russell Westbrook,7.9,2011-12,23,OKC,66,66,1,35.3,8.8,19.2,7.8,16.2,0.9,3.0,5.2,6.3,1.5,3.1,4.6,5.5,1.7,0.3,3.6,2.2,23.6,.457,.482,.316,.823,.538,48.104,G,westbru01
401,Zach Randolph,7.9,2012-13,31,MEM,76,75,1,34.3,6.2,13.5,6.2,13.2,0.0,0.3,3.0,3.9,4.1,7.2,11.2,1.4,0.8,0.4,2.0,2.4,15.4,.460,.469,.087,.750,.506,46.094,F-C,randoza01
402,Khris Middleton,7.9,2019-20,28,MIL,62,59,1,29.9,7.6,15.3,5.2,9.6,2.4,5.7,3.4,3.7,0.7,5.5,6.2,4.3,0.9,0.1,2.2,2.3,20.9,.497,.546,.415,.916,.619,57.497,F-G,middlkh01
403,Carmelo Anthony,7.9,2010-11,26,DENNYK,77,77,1,35.7,8.9,19.5,7.6,16.3,1.2,3.3,6.6,7.9,1.5,5.8,7.3,2.9,0.9,0.6,2.7,2.9,25.6,.455,.470,.378,.838,.557,48.669,F,anthoca01
404,Stephon Marbury,7.8,2000-01,23,NJN,67,67,1,38.2,8.4,19.1,6.8,14.1,1.6,5.0,5.4,6.8,0.8,2.3,3.1,7.6,1.2,0.1,2.9,2.2,23.9,.441,.481,.328,.790,.540,48.395,G,marbust01
405,Al Horford,7.8,2017-18,31,BOS,72,72,1,31.6,5.1,10.5,3.8,7.3,1.3,3.1,1.3,1.7,1.4,5.9,7.4,4.7,0.6,1.1,1.8,1.9,12.9,.489,.514,.429,.783,.575,55.312,C-F,horfoal01
406,Shaquille O'Neal,7.8,2008-09,36,PHO,75,75,1,30.0,6.8,11.2,6.8,11.2,0.0,0.0,4.1,6.9,2.5,5.9,8.4,1.7,0.7,1.4,2.2,3.4,17.8,.609,.610,.000,.595,.623,60.880,C,onealsh01
407,Julius Randle,7.8,2020-21,26,NYK,71,71,1,37.6,8.5,18.6,6.2,13.1,2.3,5.5,4.9,6.0,1.2,9.0,10.2,6.0,0.9,0.3,3.4,3.2,24.1,.456,.474,.411,.811,.567,51.628,F-C,randlju01
408,John Wall,7.8,2014-15,24,WAS,79,79,1,35.9,6.6,14.8,5.7,12.0,0.8,2.7,3.6,4.6,0.5,4.2,4.6,10.0,1.7,0.6,3.8,2.3,17.6,.445,.478,.300,.785,.523,47.298,G,walljo01
409,Stephen Curry,7.8,2022-23,34,GSW,56,56,1,34.7,10.0,20.2,5.1,8.8,4.9,11.4,4.6,5.0,0.7,5.4,6.1,6.3,0.9,0.4,3.2,2.1,29.4,.493,.579,.427,.915,.656,61.386,G,curryst01
410,Antonio McDyess,7.8,2000-01,26,DEN,70,70,1,36.5,8.2,16.6,8.2,16.6,0.0,0.0,4.3,6.2,3.4,8.6,12.1,2.1,0.6,1.5,2.3,3.1,20.8,.495,.495,,.700,.538,49.528,F-C,mcdyean01
411,Pascal Siakam,7.8,2022-23,28,TOR,71,71,1,37.4,8.9,18.5,7.6,14.5,1.3,4.0,5.2,6.7,1.8,6.0,7.8,5.8,0.9,0.5,2.4,3.2,24.2,.480,.523,.324,.774,.565,51.523,F-C,siakapa01
412,David West,7.8,2008-09,28,NOH,76,76,1,39.2,8.0,17.0,7.9,16.7,0.1,0.3,4.8,5.5,2.1,6.4,8.5,2.3,0.6,0.9,2.1,2.7,21.0,.472,.477,.240,.884,.540,47.446,F-C,westda01
413,Jeff Teague,7.7,2014-15,26,ATL,73,72,1,30.5,5.6,12.2,4.6,9.3,1.0,2.8,3.8,4.4,0.4,2.1,2.5,7.0,1.7,0.4,2.8,1.9,15.9,.460,.496,.343,.862,.566,50.000,G,teaguje01
414,Dwight Howard,7.7,2011-12,26,ORL,54,54,1,38.3,7.7,13.4,7.7,13.3,0.0,0.1,5.2,10.6,3.7,10.8,14.5,1.9,1.5,2.1,3.2,2.9,20.6,.573,.579,.000,.491,.569,57.300,C,howardw01
415,Dwyane Wade,7.7,2011-12,30,MIA,49,49,1,33.2,8.5,17.1,8.2,15.9,0.3,1.1,4.8,6.1,1.5,3.3,4.8,4.6,1.7,1.3,2.6,2.2,22.1,.497,.513,.268,.791,.559,50.597,G,wadedw01
416,Richard Hamilton,7.7,2007-08,29,DET,72,72,1,33.7,6.9,14.3,6.1,12.3,0.9,2.0,2.6,3.1,1.0,2.2,3.3,4.2,1.0,0.1,1.8,2.4,17.3,.484,.492,.440,.833,.552,51.456,G-F,hamilri01
417,Luka Dončić,7.7,2020-21,21,DAL,66,66,1,34.3,9.8,20.5,6.9,12.2,2.9,8.3,5.2,7.1,0.8,7.2,8.0,8.6,1.0,0.5,4.3,2.3,27.7,.479,.567,.350,.730,.587,54.996,G-F,doncilu01
418,Damian Lillard,7.7,2023-24,33,MIL,73,73,1,35.3,7.4,17.5,4.4,9.0,3.0,8.5,6.5,7.0,0.5,3.9,4.4,7.0,1.0,0.2,2.6,1.8,24.3,.424,.490,.354,.920,.590,50.979,G,lillada01
419,Tim Duncan,7.7,2010-11,34,SAS,76,76,1,28.4,5.5,11.0,5.5,11.0,0.0,0.1,2.4,3.4,2.2,6.7,8.9,2.7,0.7,1.9,1.6,1.6,13.4,.500,.502,.000,.716,.537,50.000,F-C,duncati01
420,Marc Gasol,7.7,2016-17,32,MEM,74,74,1,34.2,7.2,15.7,5.8,12.1,1.4,3.6,3.8,4.5,0.8,5.5,6.3,4.6,0.9,1.3,2.2,2.3,19.5,.459,.480,.388,.837,.554,50.345,C,gasolma01
421,Richard Hamilton,7.6,2005-06,27,DET,80,80,1,35.3,8.1,16.5,7.4,15.0,0.7,1.5,3.2,3.8,1.1,2.2,3.2,3.4,0.7,0.2,2.2,2.6,20.1,.491,.494,.458,.845,.553,51.172,G-F,hamilri01
422,Tyrese Haliburton,7.6,2022-23,22,IND,56,56,1,33.6,7.4,15.0,4.5,7.8,2.9,7.2,3.1,3.6,0.6,3.1,3.7,10.4,1.6,0.4,2.5,1.2,20.7,.490,.572,.400,.871,.624,58.561,G,halibty01
423,James Harden,7.6,2021-22,32,BRKPHI,65,65,1,37.2,6.3,15.3,4.0,8.4,2.3,6.9,7.2,8.2,0.8,6.8,7.7,10.3,1.3,0.6,4.4,2.4,22.0,.410,.476,.330,.877,.583,48.488,G,hardeja01
424,DeMarcus Cousins,7.6,2016-17,26,NOPSAC,72,72,1,34.2,9.0,19.9,7.2,14.8,1.8,5.0,7.2,9.3,2.1,8.9,11.0,4.6,1.4,1.3,3.7,3.9,27.0,.452,.483,.361,.772,.562,49.756,C-F,couside01
425,Luka Dončić,7.6,2021-22,22,DAL,65,65,1,35.4,9.9,21.6,6.8,12.8,3.1,8.8,5.6,7.5,0.9,8.3,9.1,8.7,1.2,0.6,4.5,2.2,28.4,.457,.528,.353,.744,.571,52.851,G-F,doncilu01
426,Devin Booker,7.6,2021-22,25,PHO,68,68,1,34.5,9.7,20.9,7.0,13.9,2.7,7.0,4.6,5.3,0.7,4.4,5.0,4.8,1.1,0.4,2.4,2.6,26.8,.466,.508,.383,.868,.576,53.026,G,bookede01
427,Jamaal Magloire,7.6,2003-04,25,NOH,82,82,1,33.9,4.7,9.9,4.7,9.9,0.0,0.0,4.3,5.7,3.3,7.1,10.3,1.0,0.5,1.2,2.5,3.4,13.6,.473,.474,.000,.751,.551,47.342,C,magloja01
428,Rasheed Wallace,7.6,2007-08,33,DET,77,76,1,30.5,4.9,11.3,3.4,7.2,1.5,4.1,1.5,1.9,1.1,5.5,6.6,1.8,1.2,1.7,1.1,2.8,12.7,.432,.476,.356,.767,.523,49.655,F-C,wallara01
429,Dwight Howard,7.6,2012-13,27,LAL,76,76,1,35.8,6.2,10.7,6.2,10.6,0.0,0.1,4.7,9.5,3.3,9.1,12.4,1.4,1.1,2.4,3.0,3.8,17.1,.578,.581,.167,.492,.573,57.872,C,howardw01
430,Bradley Beal,7.6,2018-19,25,WAS,82,82,1,36.9,9.3,19.6,6.8,12.4,2.5,7.3,4.4,5.5,1.1,3.9,5.0,5.5,1.5,0.7,2.7,2.8,25.6,.475,.548,.351,.808,.581,53.978,G,bealbr01
431,Dirk Nowitzki,7.6,2011-12,33,DAL,62,62,1,33.5,7.6,16.7,6.4,13.3,1.3,3.4,5.1,5.7,0.7,6.0,6.7,2.2,0.7,0.5,1.9,2.1,21.6,.457,.481,.368,.896,.564,49.516,F-C,nowitdi01
432,Joe Johnson,7.6,2008-09,27,ATL,79,79,1,39.5,7.8,18.0,6.0,12.7,1.9,5.2,3.8,4.6,0.8,3.6,4.4,5.8,1.1,0.2,2.5,2.2,21.4,.437,.468,.360,.826,.534,48.908,G-F,johnsjo02
433,Domantas Sabonis,7.5,2019-20,23,IND,62,62,1,34.8,7.4,13.7,7.1,12.6,0.3,1.1,3.5,4.8,3.0,9.4,12.4,5.0,0.8,0.5,2.7,3.1,18.5,.540,.565,.254,.723,.586,55.012,C-F,sabondo01
434,Devin Harris,7.5,2008-09,25,NJN,69,69,1,36.1,6.6,15.1,5.7,11.9,0.9,3.2,7.2,8.8,0.4,2.9,3.3,6.9,1.7,0.2,3.1,2.4,21.3,.438,.477,.291,.820,.563,46.872,G,harride01
435,Allan Houston,7.5,2000-01,29,NYK,78,78,1,36.6,6.9,15.5,5.7,12.3,1.2,3.2,3.6,3.9,0.3,3.4,3.6,2.2,0.7,0.1,2.1,2.4,18.7,.449,.467,.381,.909,.543,48.841,G,houstal01
436,Anthony Edwards,7.5,2023-24,22,MIN,79,78,1,35.1,9.1,19.7,6.7,13.0,2.4,6.7,5.4,6.4,0.7,4.8,5.4,5.1,1.3,0.5,3.1,1.8,25.9,.461,.515,.357,.836,.575,52.182,G-F,edwaran01
437,Joel Embiid,7.5,2023-24,29,PHI,39,39,1,33.6,11.5,21.8,10.2,18.3,1.4,3.6,10.2,11.6,2.4,8.6,11.0,5.6,1.2,1.7,3.8,2.9,34.7,.529,.556,.388,.883,.644,56.052,C,embiijo01
438,Devin Booker,7.5,2019-20,23,PHO,70,70,1,35.9,9.0,18.3,6.9,12.6,2.0,5.7,6.7,7.3,0.4,3.8,4.2,6.5,0.7,0.3,3.8,3.0,26.6,.489,.549,.354,.919,.618,54.365,G,bookede01
439,LeBron James,7.5,2021-22,37,LAL,56,56,1,37.2,11.4,21.8,8.6,13.8,2.9,8.0,4.5,6.0,1.1,7.1,8.2,6.2,1.3,1.1,3.5,2.2,30.3,.524,.620,.359,.756,.619,59.009,F-G,jamesle01
440,Kyle Korver,7.5,2014-15,33,ATL,75,75,1,32.2,3.9,8.0,0.9,2.0,2.9,6.0,1.4,1.6,0.2,3.9,4.1,2.6,0.7,0.6,1.4,1.9,12.1,.487,.470,.492,.898,.699,67.083,G-F,korveky01
441,LaMarcus Aldridge,7.5,2013-14,28,POR,69,69,1,36.2,9.4,20.6,9.4,20.4,0.0,0.2,4.3,5.2,2.4,8.7,11.1,2.6,0.9,1.0,1.8,2.1,23.2,.458,.461,.200,.822,.507,45.924,F-C,aldrila01
442,Baron Davis,7.5,2003-04,24,NOH,67,66,1,40.1,8.3,20.9,5.5,12.2,2.8,8.7,3.5,5.3,1.0,3.3,4.3,7.5,2.4,0.4,3.2,2.7,22.9,.395,.448,.321,.673,.492,46.184,G,davisba01
443,Kyle Lowry,7.5,2019-20,33,TOR,58,58,1,36.2,5.8,13.8,2.9,5.8,2.8,8.0,5.1,5.9,0.6,4.5,5.0,7.5,1.4,0.4,3.1,3.3,19.4,.416,.504,.352,.857,.590,51.806,G,lowryky01
444,Kyrie Irving,7.4,2022-23,30,BRKDAL,60,60,1,37.4,9.9,20.1,6.8,11.8,3.1,8.3,4.1,4.6,1.0,4.1,5.1,5.5,1.1,0.8,2.1,2.8,27.1,.494,.574,.379,.905,.613,57.190,G,irvinky01
445,Yao Ming,7.4,2006-07,26,HOU,48,48,1,33.8,8.8,17.1,8.8,17.0,0.0,0.0,7.4,8.6,2.1,7.3,9.4,2.0,0.4,2.0,3.5,3.3,25.0,.516,.518,.000,.862,.601,51.648,C,mingya01
446,Bam Adebayo,7.4,2022-23,25,MIA,75,75,1,34.6,8.0,14.9,8.0,14.7,0.0,0.2,4.3,5.4,2.5,6.7,9.2,3.2,1.2,0.8,2.5,2.8,20.4,.540,.545,.083,.806,.592,54.084,C-F,adebaba01
447,Alonzo Mourning,7.4,2001-02,31,MIA,75,74,1,32.7,6.0,11.5,5.9,11.5,0.0,0.0,3.8,5.7,2.4,6.0,8.4,1.2,0.4,2.5,2.4,3.4,15.7,.516,.517,.333,.657,.558,51.674,C-F,mournal01
448,Vlade Divac,7.4,2000-01,32,SAC,81,81,1,29.9,4.5,9.3,4.4,9.1,0.0,0.2,3.0,4.3,2.6,5.8,8.3,2.9,1.1,1.1,2.4,3.0,12.0,.482,.486,.286,.691,.536,48.477,C,divacvl01
449,Kyrie Irving,7.4,2020-21,28,BRK,54,54,1,34.9,10.2,20.1,7.4,13.1,2.8,7.0,3.7,4.0,1.0,3.8,4.8,6.0,1.4,0.7,2.4,2.6,26.9,.506,.561,.402,.922,.614,57.551,G,irvinky01
450,Andre Drummond,7.4,2015-16,22,DET,81,81,1,32.9,6.8,13.1,6.8,13.0,0.0,0.1,2.6,7.2,4.9,9.9,14.8,0.8,1.5,1.4,1.9,3.0,16.2,.521,.522,.333,.355,.499,52.170,C,drumman01
451,De'Aaron Fox,7.4,2022-23,25,SAC,73,73,1,33.4,9.3,18.2,7.7,13.2,1.6,5.0,4.7,6.0,0.5,3.6,4.2,6.1,1.1,0.3,2.5,2.4,25.0,.512,.584,.324,.780,.599,55.710,G,foxde01
452,Kemba Walker,7.4,2018-19,28,CHO,82,82,1,34.9,8.9,20.5,5.7,11.6,3.2,8.9,4.6,5.5,0.6,3.8,4.4,5.9,1.2,0.4,2.6,1.6,25.6,.434,.494,.356,.844,.558,51.128,G,walkeke02
453,Kevin Garnett,7.3,2009-10,33,BOS,69,69,1,29.9,5.8,11.2,5.8,11.1,0.0,0.1,2.7,3.2,1.1,6.2,7.3,2.7,1.0,0.8,1.5,2.5,14.3,.521,.523,.200,.837,.569,52.137,F-C,garneke01
454,Joakim Noah,7.3,2012-13,27,CHI,66,64,1,36.8,4.6,9.5,4.6,9.5,0.0,0.1,2.7,3.6,3.9,7.2,11.1,4.0,1.2,2.1,2.7,2.8,11.9,.481,.485,.000,.751,.534,48.095,C,noahjo01
455,Dejounte Murray,7.3,2021-22,25,SAS,68,68,1,34.8,8.4,18.3,7.0,13.9,1.4,4.3,2.9,3.6,1.2,7.1,8.3,9.2,2.0,0.3,2.6,2.0,21.1,.462,.504,.327,.794,.533,50.040,G,murrade01
456,Deron Williams,7.3,2010-11,26,NJNUTA,65,65,1,37.9,6.6,15.0,5.0,10.1,1.6,4.9,5.4,6.3,0.6,3.4,4.0,10.3,1.2,0.2,3.5,2.9,20.1,.439,.491,.331,.845,.566,49.282,G,willide01
457,Paul George,7.3,2023-24,33,LAC,74,74,1,33.8,7.9,16.7,4.6,8.8,3.3,7.9,3.6,3.9,0.5,4.7,5.2,3.5,1.5,0.5,2.1,2.7,22.6,.471,.523,.413,.907,.613,56.917,F-G,georgpa01
458,Chris Paul,7.3,2009-10,24,NOH,45,45,1,38.0,7.0,14.2,5.8,11.3,1.2,2.8,3.6,4.2,0.4,3.8,4.2,10.7,2.1,0.2,2.5,2.6,18.7,.493,.514,.409,.847,.584,53.375,G,paulch01
459,Andre Iguodala,7.3,2011-12,28,PHI,62,62,1,35.6,4.6,10.2,3.4,7.1,1.2,3.1,2.0,3.2,0.9,5.2,6.1,5.5,1.7,0.5,1.9,1.5,12.4,.454,.481,.394,.617,.537,51.424,F-G,iguodan01
460,Carmelo Anthony,7.3,2006-07,22,DEN,65,65,1,38.2,10.6,22.4,10.0,20.1,0.6,2.3,7.1,8.7,2.2,3.8,6.0,3.8,1.2,0.4,3.6,3.1,28.9,.476,.499,.268,.808,.552,48.933,F,anthoca01
461,Bam Adebayo,7.2,2023-24,26,MIA,71,71,1,34.0,7.5,14.3,7.3,13.7,0.2,0.6,4.1,5.5,2.2,8.1,10.4,3.9,1.1,0.9,2.3,2.2,19.3,.521,.528,.357,.755,.576,52.852,C-F,adebaba01
462,LeBron James,7.2,2018-19,34,LAL,55,55,1,35.2,10.1,19.9,8.1,14.0,2.0,5.9,5.1,7.6,1.0,7.4,8.5,8.3,1.3,0.6,3.6,1.7,27.4,.510,.582,.339,.665,.588,56.027,F-G,jamesle01
463,Caron Butler,7.2,2007-08,27,WAS,58,58,1,39.9,7.6,16.3,6.4,13.1,1.1,3.2,4.1,4.5,1.6,5.1,6.7,4.9,2.2,0.3,2.6,2.8,20.3,.466,.492,.357,.901,.558,50.053,F,butleca01
464,Dirk Nowitzki,7.2,2014-15,36,DAL,77,77,1,29.6,6.3,13.8,5.0,10.2,1.4,3.6,3.3,3.8,0.6,5.4,5.9,1.9,0.5,0.4,1.1,2.1,17.3,.459,.486,.380,.882,.560,50.753,F-C,nowitdi01
465,Antonio Davis,7.2,2000-01,32,TOR,78,77,1,35.0,4.8,11.1,4.8,11.1,0.0,0.0,4.1,5.4,3.5,6.6,10.1,1.4,0.3,1.9,1.7,2.9,13.7,.433,.434,.000,.754,.508,43.303,F-C,davisan01
466,Shareef Abdur-Rahim,7.2,2001-02,25,ATL,77,77,1,38.7,7.8,16.8,7.5,15.9,0.3,0.9,5.4,6.8,2.6,6.5,9.0,3.1,1.3,1.1,3.2,2.8,21.2,.461,.470,.300,.801,.536,46.916,F,abdursh01
467,Anthony Davis,7.2,2015-16,22,NOP,61,61,1,35.5,9.2,18.6,8.6,16.9,0.6,1.8,5.3,7.0,2.1,8.1,10.3,1.9,1.3,2.0,2.0,2.4,24.3,.493,.511,.324,.758,.559,50.836,F-C,davisan02
468,Donovan Mitchell,7.2,2021-22,25,UTA,67,67,1,33.8,9.2,20.5,5.7,10.8,3.5,9.8,4.0,4.7,0.8,3.4,4.2,5.3,1.5,0.2,3.0,2.4,25.9,.448,.533,.355,.853,.572,53.270,G,mitchdo01
469,LaMarcus Aldridge,7.2,2012-13,27,POR,74,74,1,37.7,8.6,17.8,8.6,17.6,0.0,0.2,3.8,4.7,2.4,6.7,9.1,2.6,0.8,1.2,1.9,2.5,21.1,.484,.488,.143,.810,.530,48.483,F-C,aldrila01
470,Jason Kidd,7.2,2003-04,30,NJN,67,66,1,36.6,5.5,14.3,4.1,9.9,1.4,4.4,3.1,3.7,1.3,5.1,6.4,9.2,1.8,0.2,3.2,1.6,15.5,.384,.411,.321,.827,.485,43.274,G,kiddja01
471,Stephen Curry,7.2,2023-24,35,GSW,74,74,1,32.7,8.8,19.5,4.0,7.7,4.8,11.8,4.0,4.4,0.5,4.0,4.5,5.1,0.7,0.4,2.8,1.6,26.4,.450,.515,.408,.923,.616,57.336,G,curryst01
472,Kevin Garnett,7.1,2008-09,32,BOS,57,57,1,31.1,6.9,13.0,6.9,12.8,0.0,0.1,1.9,2.3,1.4,7.1,8.5,2.5,1.1,1.2,1.6,2.2,15.8,.531,.534,.250,.841,.563,53.243,F-C,garneke01
473,Pau Gasol,7.1,2015-16,35,CHI,72,72,1,31.8,6.5,13.8,6.2,12.9,0.3,1.0,3.2,4.0,2.2,8.9,11.0,4.1,0.6,2.0,2.3,2.1,16.5,.469,.478,.348,.792,.529,48.141,C-F,gasolpa01
474,Steve Francis,7.1,2003-04,26,HOU,79,79,1,40.4,5.7,14.1,4.8,11.0,0.9,3.2,4.3,5.5,1.5,4.0,5.5,6.2,1.8,0.4,3.7,3.3,16.6,.403,.435,.292,.775,.501,43.554,G,francst01
475,Klay Thompson,7.1,2016-17,26,GSW,78,78,1,34.0,8.3,17.6,4.8,9.3,3.4,8.3,2.4,2.8,0.6,3.0,3.7,2.1,0.8,0.5,1.6,1.8,22.3,.468,.516,.414,.853,.592,56.541,G-F,thompkl01
476,Paul George,7.1,2016-17,26,IND,75,75,1,35.9,8.3,18.0,5.7,11.4,2.6,6.6,4.5,5.0,0.8,5.8,6.6,3.3,1.6,0.4,2.9,2.7,23.7,.461,.501,.393,.898,.587,53.375,F-G,georgpa01
477,Tony Parker,7.1,2011-12,29,SAS,60,60,1,32.1,7.1,14.8,6.9,13.8,0.2,1.0,3.8,4.7,0.4,2.5,2.9,7.7,1.0,0.1,2.6,1.3,18.3,.480,.498,.230,.799,.539,48.764,G,parketo01
478,Kyle Lowry,7.1,2014-15,28,TOR,70,70,1,34.5,6.1,14.9,4.3,9.3,1.9,5.6,3.6,4.5,0.8,3.9,4.7,6.8,1.6,0.2,2.5,3.0,17.8,.412,.457,.338,.808,.527,47.555,G,lowryky01
479,Paul Pierce,7.1,2003-04,26,BOS,80,80,1,38.7,7.5,18.7,6.1,13.9,1.4,4.8,6.5,7.9,0.9,5.7,6.5,5.1,1.6,0.7,3.8,2.9,23.0,.402,.438,.299,.819,.517,44.055,F-G,piercpa01
480,LaMarcus Aldridge,7.0,2011-12,26,POR,55,55,1,36.3,8.8,17.1,8.7,16.9,0.0,0.2,4.1,5.0,2.7,5.3,8.0,2.4,0.9,0.8,2.0,2.8,21.7,.512,.516,.182,.814,.560,51.326,F-C,aldrila01
481,Paul Pierce,7.0,2011-12,34,BOS,61,61,1,34.0,6.5,14.6,4.8,10.1,1.6,4.5,4.8,5.6,0.6,4.6,5.2,4.5,1.1,0.4,2.8,2.4,19.4,.443,.476,.366,.852,.567,49.888,F-G,piercpa01
482,James Harden,7.0,2020-21,31,BRKHOU,44,43,1,36.6,7.8,16.7,5.0,9.1,2.8,7.6,6.3,7.3,0.8,7.1,7.9,10.8,1.2,0.8,4.0,2.3,24.6,.466,.553,.362,.861,.618,54.837,G,hardeja01
483,Vince Carter,7.0,2001-02,25,TOR,60,60,1,39.8,9.3,21.8,7.3,16.6,2.0,5.2,4.1,5.1,2.3,2.9,5.2,4.0,1.6,0.7,2.6,3.2,24.7,.428,.441,.387,.798,.515,47.399,G-F,cartevi01
484,Joe Johnson,7.0,2007-08,26,ATL,82,82,1,40.8,7.9,18.3,5.8,12.8,2.1,5.4,3.9,4.6,1.0,3.5,4.5,5.8,1.0,0.2,2.7,2.0,21.7,.432,.454,.381,.834,.535,48.864,G-F,johnsjo02
485,Domantas Sabonis,6.9,2020-21,24,IND,62,62,1,36.0,7.8,14.6,7.0,12.0,0.8,2.6,3.9,5.3,2.4,9.5,12.0,6.7,1.2,0.5,3.4,3.3,20.3,.535,.582,.321,.732,.601,56.416,C-F,sabondo01
486,Chris Webber,6.9,2002-03,29,SAC,67,67,1,39.1,9.9,21.4,9.8,21.1,0.1,0.3,3.2,5.3,2.4,8.1,10.5,5.4,1.6,1.3,3.2,3.0,23.0,.461,.465,.238,.607,.485,46.301,F-C,webbech01
487,Ben Simmons,6.9,2019-20,23,PHI,57,57,1,35.4,6.6,11.4,6.5,11.2,0.0,0.1,3.2,5.2,2.0,5.8,7.8,8.0,2.1,0.6,3.5,3.3,16.4,.580,.583,.286,.621,.602,58.114,G-F,simmobe01
488,Bradley Beal,6.9,2017-18,24,WAS,82,82,1,36.3,8.3,18.1,5.9,11.6,2.4,6.5,3.6,4.5,0.7,3.7,4.4,4.5,1.2,0.4,2.6,2.0,22.6,.460,.507,.375,.791,.564,52.729,G,bealbr01
489,Jayson Tatum,6.9,2019-20,21,BOS,66,66,1,34.3,8.4,18.6,5.5,11.5,2.9,7.1,3.8,4.7,1.0,6.0,7.0,3.0,1.4,0.9,2.3,2.1,23.4,.450,.480,.403,.812,.567,52.732,F,tatumja01
490,Allen Iverson,6.9,2001-02,26,PHI,60,59,1,43.7,11.1,27.8,9.8,23.4,1.3,4.5,7.9,9.8,0.7,3.8,4.5,5.5,2.8,0.2,4.0,1.7,31.4,.398,.419,.291,.812,.489,42.181,G,iversal01
491,Chris Bosh,6.9,2011-12,27,MIA,57,57,1,35.2,6.9,14.2,6.7,13.5,0.2,0.6,4.0,4.9,1.6,6.3,7.9,1.8,0.9,0.8,2.1,2.2,18.0,.487,.496,.286,.821,.551,49.318,F-C,boshch01
492,Ray Allen,6.9,2003-04,28,SEA,56,56,1,38.4,8.0,18.2,5.3,11.4,2.6,6.8,4.4,4.8,1.2,3.9,5.1,4.8,1.3,0.2,2.8,2.4,23.0,.440,.468,.392,.904,.566,51.229,G,allenra02
493,Russell Westbrook,6.8,2018-19,30,OKC,73,73,1,36.0,8.6,20.2,7.0,14.5,1.6,5.6,4.1,6.2,1.5,9.6,11.1,10.7,1.9,0.5,4.5,3.4,22.9,.428,.481,.290,.656,.501,46.809,G,westbru01
494,Kevin Durant,6.8,2022-23,34,BRKPHO,47,47,1,35.6,10.3,18.3,8.3,13.4,2.0,4.9,6.5,7.1,0.4,6.3,6.7,5.0,0.7,1.4,3.3,2.1,29.1,.560,.617,.404,.919,.677,61.427,F-G,duranke01
495,Ja Morant,6.7,2021-22,22,MEM,57,57,1,33.1,10.2,20.6,8.6,16.2,1.5,4.5,5.5,7.3,1.4,4.4,5.7,6.7,1.2,0.4,3.4,1.5,27.4,.493,.534,.344,.761,.575,53.016,G,moranja01
496,Jrue Holiday,6.7,2022-23,32,MIL,67,65,1,32.6,7.3,15.3,5.0,9.1,2.4,6.1,2.3,2.6,1.2,3.9,5.1,7.4,1.2,0.4,2.9,1.7,19.3,.479,.542,.384,.859,.586,55.621,G,holidjr01
497,Glenn Robinson,6.7,2000-01,28,MIL,76,74,1,37.0,9.0,19.2,8.3,16.8,0.7,2.4,3.3,4.0,1.6,5.3,6.9,3.3,1.1,0.8,2.9,2.5,22.0,.468,.493,.299,.820,.525,48.733,F,robingl01
498,Fred VanVleet,6.7,2021-22,27,TOR,65,65,1,37.9,6.8,16.9,3.1,7.0,3.7,9.9,3.0,3.4,0.7,3.8,4.4,6.7,1.7,0.5,2.6,2.5,20.3,.403,.440,.377,.874,.552,51.322,G,vanvlfr01
499,Antoine Walker,6.7,2001-02,25,BOS,81,81,1,42.0,8.2,20.9,5.5,12.9,2.7,8.0,3.0,4.0,1.9,7.0,8.8,5.0,1.5,0.5,3.1,2.9,22.1,.394,.425,.344,.741,.490,46.004,F,walkean02
500,Paul Millsap,6.7,2013-14,28,ATL,74,73,1,33.5,6.5,14.1,5.5,11.3,1.0,2.9,3.9,5.3,2.1,6.4,8.5,3.1,1.7,1.1,2.5,2.8,17.9,.461,.487,.358,.731,.545,49.761,F,millspa01
501,Kyrie Irving,6.7,2013-14,21,CLE,71,71,1,35.2,7.5,17.4,5.8,12.6,1.7,4.8,4.1,4.8,0.7,2.9,3.6,6.1,1.5,0.3,2.7,2.3,20.8,.430,.458,.358,.861,.533,47.979,G,irvinky01
502,Kenyon Martin,6.7,2003-04,26,NJN,65,62,1,34.6,6.8,13.8,6.6,13.5,0.1,0.4,3.1,4.5,2.0,7.4,9.5,2.5,1.5,1.3,2.6,3.5,16.7,.488,.494,.280,.684,.528,49.167,F,martike01
503,Kyle Lowry,6.6,2018-19,32,TOR,65,65,1,34.0,4.7,11.4,2.3,4.4,2.4,7.0,2.5,3.0,0.6,4.2,4.8,8.7,1.4,0.5,2.8,2.6,14.2,.411,.514,.347,.830,.562,51.759,G,lowryky01
504,Grant Hill,6.6,2004-05,32,ORL,67,67,1,34.9,7.7,15.1,7.7,15.0,0.0,0.2,4.2,5.1,1.1,3.6,4.7,3.3,1.4,0.4,2.4,2.1,19.7,.509,.513,.231,.821,.565,51.084,F-G,hillgr01
505,Rajon Rondo,6.6,2010-11,24,BOS,68,68,1,37.2,4.7,9.9,4.5,9.2,0.1,0.6,1.1,1.9,1.3,3.1,4.4,11.2,2.3,0.2,3.4,1.8,10.6,.475,.491,.233,.568,.495,48.209,G,rondora01
506,Jaren Jackson Jr.,6.6,2022-23,23,MEM,63,63,1,28.4,6.6,13.0,5.0,8.6,1.6,4.5,3.8,4.9,1.7,5.0,6.8,1.0,1.0,3.0,1.7,3.6,18.6,.506,.585,.355,.788,.613,56.691,F,jacksja02
507,Jayson Tatum,6.5,2020-21,22,BOS,64,64,1,35.8,9.5,20.6,6.5,13.0,2.9,7.6,4.6,5.3,0.8,6.6,7.4,4.3,1.2,0.5,2.7,1.9,26.4,.459,.502,.386,.868,.576,52.997,F,tatumja01
508,Donovan Mitchell,6.4,2023-24,27,CLE,55,55,1,35.3,9.1,19.8,5.8,10.8,3.3,9.0,5.0,5.8,0.8,4.3,5.1,6.1,1.8,0.5,2.8,2.1,26.6,.462,.539,.368,.865,.595,54.545,G,mitchdo01
509,Joe Johnson,6.4,2011-12,30,ATL,60,60,1,35.5,7.1,15.5,5.0,10.2,2.1,5.4,2.6,3.1,0.9,2.8,3.7,3.9,0.8,0.2,1.9,1.3,18.8,.454,.489,.388,.849,.557,52.148,G-F,johnsjo02
510,Paul Millsap,6.4,2016-17,31,ATL,69,67,1,34.0,6.2,14.1,5.1,10.6,1.1,3.5,4.5,5.9,1.6,6.1,7.7,3.7,1.3,0.9,2.3,2.7,18.1,.442,.486,.311,.768,.542,48.097,F,millspa01
511,Jermaine O'Neal,6.4,2001-02,23,IND,72,72,1,37.6,7.5,15.7,7.5,15.5,0.0,0.2,3.9,5.7,2.6,7.9,10.5,1.6,0.6,2.3,2.4,3.7,19.0,.479,.484,.071,.688,.521,47.970,C-F,onealje01
512,Kevin Love,6.4,2016-17,28,CLE,60,60,1,31.4,6.2,14.5,3.8,8.0,2.4,6.5,4.3,4.9,2.5,8.6,11.1,1.9,0.9,0.4,2.0,2.1,19.0,.427,.471,.373,.871,.573,51.038,F-C,loveke01
513,Chris Bosh,6.4,2015-16,31,MIA,53,53,1,33.5,6.8,14.5,5.2,10.3,1.5,4.2,4.0,5.1,0.9,6.5,7.4,2.4,0.7,0.6,1.5,1.9,19.1,.467,.508,.365,.795,.571,51.956,F-C,boshch01
514,Carmelo Anthony,6.4,2015-16,31,NYK,72,72,1,35.1,7.9,18.2,6.4,13.8,1.5,4.3,4.6,5.6,1.4,6.4,7.7,4.2,0.9,0.5,2.4,2.5,21.8,.434,.463,.339,.829,.530,47.399,F,anthoca01
515,Kevin Love,6.4,2017-18,29,CLE,59,59,1,28.0,5.7,12.4,3.3,6.8,2.3,5.6,4.0,4.5,1.7,7.5,9.3,1.7,0.7,0.4,1.5,2.0,17.6,.458,.494,.415,.880,.614,55.213,F-C,loveke01
516,Luol Deng,6.3,2012-13,27,CHI,75,75,1,38.7,6.2,14.6,5.2,11.5,1.0,3.1,3.1,3.8,2.2,4.2,6.3,3.0,1.1,0.4,1.9,1.4,16.5,.426,.455,.322,.816,.508,46.066,F,denglu01
517,Darius Garland,6.3,2021-22,22,CLE,68,68,1,35.7,8.0,17.3,5.4,10.6,2.6,6.7,3.2,3.5,0.6,2.7,3.3,8.6,1.3,0.1,3.6,1.7,21.7,.462,.512,.383,.892,.576,53.623,G,garlada01
518,Nikola Vučević,6.3,2020-21,30,CHIORL,70,70,1,33.5,9.5,19.9,7.0,13.7,2.5,6.3,1.9,2.2,2.1,9.6,11.7,3.8,0.9,0.7,1.8,2.0,23.4,.477,.513,.400,.840,.560,54.011,C,vucevni01
519,Ray Allen,6.3,2006-07,31,SEA,55,55,1,40.3,9.2,21.0,6.2,12.9,3.0,8.1,5.1,5.6,1.0,3.5,4.5,4.1,1.5,0.2,2.8,2.1,26.4,.438,.479,.372,.903,.564,50.954,G,allenra02
520,Karl-Anthony Towns,6.3,2023-24,28,MIN,62,62,1,32.7,7.7,15.3,5.5,10.1,2.2,5.3,4.1,4.7,1.5,6.8,8.3,3.0,0.7,0.7,2.9,3.3,21.8,.504,.550,.416,.873,.625,57.518,C-F,townska01
521,Carmelo Anthony,6.2,2011-12,27,NYK,55,55,1,34.1,8.0,18.6,6.8,14.9,1.2,3.7,5.4,6.7,1.6,4.7,6.3,3.6,1.1,0.4,2.6,2.8,22.6,.430,.454,.335,.804,.525,46.341,F,anthoca01
522,Michael Jordan,6.2,2002-03,39,WAS,82,67,1,37.0,8.3,18.6,8.1,18.0,0.2,0.7,3.2,4.0,0.9,5.2,6.1,3.8,1.5,0.5,2.1,2.1,20.0,.445,.450,.291,.821,.491,44.990,G-F,jordami01
523,Allen Iverson,6.2,2006-07,31,DENPHI,65,64,1,42.5,8.9,20.2,8.0,17.2,1.0,3.0,7.5,9.4,0.4,2.6,3.0,7.2,1.9,0.2,4.1,1.5,26.3,.442,.465,.315,.795,.540,46.611,G,iversal01
524,Roy Hibbert,6.2,2011-12,25,IND,65,65,1,29.8,5.1,10.3,5.1,10.3,0.0,0.0,2.6,3.7,3.3,5.5,8.8,1.7,0.5,2.0,2.0,3.0,12.8,.497,.498,.000,.711,.539,49.701,C,hibbero01
525,Joel Embiid,6.2,2017-18,23,PHI,63,63,1,30.3,8.1,16.8,7.0,13.4,1.0,3.4,5.7,7.4,2.3,8.7,11.0,3.2,0.6,1.8,3.7,3.3,22.9,.483,.527,.308,.769,.573,51.420,C,embiijo01
526,Kobe Bryant,6.2,2011-12,33,LAL,58,58,1,38.5,9.9,23.0,8.4,18.1,1.5,4.9,6.6,7.8,1.1,4.3,5.4,4.6,1.2,0.3,3.5,1.8,27.9,.430,.464,.303,.845,.527,46.220,G-F,bryanko01
527,Donovan Mitchell,6.2,2020-21,24,UTA,53,53,1,33.4,9.0,20.6,5.7,11.9,3.4,8.7,5.0,6.0,0.9,3.5,4.4,5.2,1.0,0.3,2.8,2.2,26.4,.438,.476,.386,.845,.569,51.971,G,mitchdo01
528,Shaquille O'Neal,6.2,2005-06,33,MIA,59,58,1,30.6,8.1,13.6,8.1,13.6,0.0,0.0,3.7,8.0,2.9,6.3,9.2,1.9,0.4,1.8,2.8,3.9,20.0,.600,.600,,.469,.586,60.000,C,onealsh01
529,Mike Conley,6.1,2020-21,33,UTA,51,51,1,29.4,5.6,12.5,2.9,6.0,2.7,6.6,2.4,2.8,0.7,2.8,3.5,6.0,1.4,0.2,1.9,1.9,16.2,.444,.479,.412,.852,.589,55.156,G,conlemi01
530,Khris Middleton,6.1,2018-19,27,MIL,77,77,1,31.1,6.6,14.9,4.2,8.8,2.3,6.2,2.8,3.4,0.6,5.3,6.0,4.3,1.0,0.1,2.3,2.2,18.3,.441,.485,.378,.837,.558,51.873,F-G,middlkh01
531,Draymond Green,6.1,2017-18,27,GSW,70,70,1,32.7,4.0,8.8,2.9,5.2,1.1,3.7,1.9,2.5,1.1,6.6,7.6,7.3,1.4,1.3,2.9,2.6,11.0,.454,.562,.301,.775,.556,51.616,F,greendr01
532,Amar'e Stoudemire,6.1,2008-09,26,PHO,53,53,1,36.8,7.6,14.1,7.6,14.0,0.1,0.1,6.1,7.3,2.2,5.9,8.1,2.0,0.9,1.1,2.8,3.1,21.4,.539,.540,.429,.835,.617,54.139,F-C,stoudam01
533,Derrick Rose,6.0,2011-12,23,CHI,39,39,1,35.3,7.7,17.8,6.4,13.4,1.4,4.4,5.0,6.1,0.7,2.7,3.4,7.9,0.9,0.7,3.1,1.3,21.8,.435,.475,.312,.812,.532,47.338,G,rosede01
534,Joel Embiid,6.0,2019-20,25,PHI,51,51,1,29.5,7.5,15.7,6.4,12.3,1.1,3.4,6.9,8.5,2.8,8.9,11.6,3.0,0.9,1.3,3.1,3.4,23.0,.477,.517,.331,.807,.590,51.248,C,embiijo01
535,DeMarcus Cousins,6.0,2014-15,24,SAC,59,59,1,34.1,8.4,18.1,8.4,17.9,0.0,0.1,7.2,9.2,3.1,9.5,12.7,3.6,1.5,1.7,4.3,4.1,24.1,.467,.469,.250,.782,.545,46.811,C-F,couside01
536,Ben Simmons,6.0,2020-21,24,PHI,58,58,1,32.4,5.6,10.1,5.6,9.9,0.1,0.2,3.0,4.9,1.6,5.6,7.2,6.9,1.6,0.6,3.0,2.9,14.3,.557,.562,.300,.613,.584,56.003,G-F,simmobe01
537,Jameer Nelson,6.0,2008-09,26,ORL,42,42,1,31.2,6.4,12.6,4.4,8.3,2.0,4.3,2.0,2.3,0.5,3.0,3.5,5.4,1.2,0.1,2.0,2.9,16.7,.503,.529,.453,.887,.612,58.004,G,nelsoja01
538,Ja Morant,6.0,2022-23,23,MEM,61,59,1,31.9,9.3,19.9,7.8,15.0,1.5,4.9,6.1,8.1,1.0,4.9,5.9,8.1,1.1,0.3,3.4,1.6,26.2,.466,.519,.307,.748,.557,50.412,G,moranja01
539,Derrick Rose,6.0,2009-10,21,CHI,78,78,1,36.8,8.6,17.6,8.4,16.8,0.2,0.8,3.3,4.3,0.8,2.9,3.8,6.0,0.7,0.3,2.8,1.2,20.8,.489,.500,.267,.766,.532,49.527,G,rosede01
540,Vince Carter,6.0,2003-04,27,TOR,73,73,1,38.2,8.3,20.0,7.1,16.6,1.3,3.3,4.6,5.7,1.3,3.5,4.8,4.8,1.2,0.9,3.1,2.9,22.5,.417,.424,.383,.806,.501,44.921,G-F,cartevi01
541,Jaylen Brown,5.9,2023-24,27,BOS,70,70,1,33.5,9.0,17.9,6.9,12.1,2.1,5.9,3.0,4.3,1.2,4.3,5.5,3.6,1.2,0.5,2.4,2.6,23.0,.499,.570,.354,.703,.580,55.693,F-G,brownja02
542,Kemba Walker,5.9,2019-20,29,BOS,56,56,1,31.1,6.8,15.9,3.5,7.4,3.2,8.4,3.7,4.3,0.6,3.2,3.9,4.8,0.9,0.5,2.1,1.6,20.4,.425,.476,.381,.864,.575,52.643,G,walkeke02
543,Bradley Beal,5.9,2020-21,27,WAS,60,60,1,35.8,11.2,23.0,9.0,16.8,2.2,6.2,6.8,7.7,1.2,3.5,4.7,4.4,1.2,0.4,3.1,2.3,31.3,.485,.535,.349,.889,.593,53.184,G,bealbr01
544,Steve Nash,5.9,2011-12,37,PHO,62,62,1,31.6,4.8,9.0,3.9,6.7,0.9,2.3,2.0,2.3,0.4,2.6,3.0,10.7,0.6,0.1,3.7,0.9,12.5,.532,.580,.390,.894,.625,58.108,G,nashst01
545,Trae Young,5.9,2019-20,21,ATL,60,60,1,35.3,9.1,20.8,5.7,11.4,3.4,9.5,8.0,9.3,0.5,3.7,4.3,9.3,1.1,0.1,4.8,1.7,29.6,.437,.501,.361,.860,.595,51.922,G,youngtr01
546,Tony Parker,5.9,2013-14,31,SAS,68,68,1,29.4,6.7,13.4,6.3,12.5,0.4,1.0,2.9,3.6,0.3,2.0,2.3,5.7,0.5,0.1,2.2,1.3,16.7,.499,.509,.373,.811,.555,51.258,G,parketo01
547,Zach LaVine,5.9,2020-21,25,CHI,58,58,1,35.1,9.8,19.4,6.4,11.1,3.4,8.2,4.4,5.1,0.6,4.4,5.0,4.9,0.8,0.5,3.5,2.4,27.4,.507,.571,.419,.849,.634,59.573,G-F,lavinza01
548,Jason Kidd,5.9,2007-08,34,DALNJN,80,80,1,36.3,3.8,9.9,2.3,6.0,1.5,3.9,1.7,2.1,1.2,6.3,7.5,10.1,1.7,0.3,3.3,2.1,10.8,.385,.387,.381,.818,.499,45.965,G,kiddja01
549,Zach LaVine,5.8,2021-22,26,CHI,67,67,1,34.7,8.4,17.7,5.7,10.6,2.8,7.1,4.8,5.6,0.3,4.3,4.6,4.5,0.6,0.3,2.6,1.8,24.4,.476,.534,.389,.853,.605,55.438,G-F,lavinza01
550,LaMelo Ball,5.8,2021-22,20,CHO,75,75,1,32.3,7.2,16.7,4.2,9.2,2.9,7.5,2.8,3.2,1.4,5.2,6.7,7.6,1.6,0.4,3.3,3.2,20.1,.429,.462,.389,.872,.554,51.675,G,ballla01
551,Luol Deng,5.8,2011-12,26,CHI,54,54,1,39.4,5.8,14.0,4.3,10.0,1.5,4.0,2.4,3.1,1.4,5.1,6.5,2.9,1.0,0.7,1.8,1.5,15.3,.412,.430,.367,.770,.500,46.424,F,denglu01
552,John Wall,5.7,2015-16,25,WAS,77,77,1,36.2,7.4,17.5,5.9,13.3,1.5,4.3,3.5,4.5,0.5,4.4,4.9,10.2,1.9,0.8,4.1,2.1,19.9,.424,.448,.351,.791,.510,46.664,G,walljo01
553,DeMarcus Cousins,5.7,2015-16,25,SAC,65,65,1,34.6,9.2,20.5,8.2,17.3,1.1,3.2,7.3,10.2,2.4,9.1,11.5,3.3,1.6,1.4,3.8,3.6,26.9,.451,.473,.333,.718,.538,47.748,C-F,couside01
554,LeBron James,5.6,2022-23,38,LAL,55,54,1,35.5,11.1,22.2,8.9,15.3,2.2,6.9,4.6,5.9,1.2,7.1,8.3,6.8,0.9,0.6,3.2,1.6,28.9,.500,.580,.321,.768,.583,54.922,F-G,jamesle01
555,Kevin Garnett,5.6,2012-13,36,BOS,68,68,1,29.7,6.2,12.5,6.2,12.3,0.0,0.2,2.3,3.0,1.1,6.7,7.8,2.3,1.1,0.9,1.6,2.3,14.8,.496,.504,.125,.786,.535,49.765,F-C,garneke01
556,LeBron James,5.6,2020-21,36,LAL,45,45,1,33.4,9.4,18.3,7.1,12.0,2.3,6.3,4.0,5.7,0.6,7.0,7.7,7.8,1.1,0.6,3.7,1.6,25.0,.513,.591,.365,.698,.602,57.594,F-G,jamesle01
557,Dwyane Wade,5.5,2013-14,32,MIA,54,53,1,32.9,7.7,14.1,7.5,13.5,0.2,0.6,3.5,4.8,1.1,3.4,4.5,4.7,1.5,0.5,3.0,2.0,19.0,.545,.557,.281,.733,.588,55.125,G,wadedw01
558,Antawn Jamison,5.4,2004-05,28,WAS,68,68,1,38.3,7.6,17.5,6.6,14.4,1.0,3.1,3.3,4.4,2.4,5.3,7.6,2.3,0.8,0.2,1.7,2.2,19.6,.437,.457,.341,.760,.506,46.636,F,jamisan01
559,Donovan Mitchell,5.4,2019-20,23,UTA,69,69,1,34.3,8.7,19.4,6.2,12.6,2.5,6.9,4.0,4.7,0.8,3.6,4.4,4.3,1.0,0.2,2.7,2.5,24.0,.449,.494,.366,.863,.558,51.304,G,mitchdo01
560,Roy Hibbert,5.4,2013-14,27,IND,81,81,1,29.7,4.1,9.3,4.1,9.2,0.0,0.1,2.6,3.3,2.5,4.1,6.6,1.1,0.4,2.2,1.8,3.3,10.8,.439,.439,.400,.770,.499,44.032,C,hibbero01
561,Pascal Siakam,5.4,2019-20,25,TOR,60,60,1,35.2,8.3,18.4,6.2,12.3,2.2,6.1,4.0,5.1,1.1,6.3,7.3,3.5,1.0,0.9,2.5,2.8,22.9,.453,.499,.359,.792,.554,51.223,F-C,siakapa01
562,Khris Middleton,5.3,2021-22,30,MIL,66,66,1,32.4,6.8,15.5,4.4,8.9,2.5,6.6,3.9,4.4,0.6,4.8,5.4,5.4,1.2,0.3,2.9,2.4,20.1,.443,.494,.373,.890,.577,52.204,F-G,middlkh01
563,Kyrie Irving,5.3,2012-13,20,CLE,59,59,1,34.7,8.2,18.1,6.4,13.4,1.8,4.7,4.2,4.9,0.6,3.1,3.7,5.9,1.5,0.4,3.2,2.5,22.5,.452,.474,.391,.855,.553,50.327,G,irvinky01
564,Paul George,5.3,2020-21,30,LAC,54,54,1,33.7,8.2,17.6,5.1,9.9,3.2,7.7,3.7,4.2,0.8,5.8,6.6,5.2,1.1,0.4,3.3,2.4,23.3,.467,.510,.411,.868,.598,55.666,F-G,georgpa01
565,Caron Butler,5.3,2006-07,26,WAS,63,63,1,39.3,7.2,15.5,6.9,14.3,0.3,1.1,4.5,5.2,2.3,5.1,7.4,3.7,2.1,0.3,2.9,3.0,19.1,.463,.480,.250,.863,.537,47.179,F,butleca01
566,Goran Dragić,5.3,2017-18,31,MIA,75,75,1,31.7,6.5,14.3,5.0,10.3,1.5,4.0,2.9,3.6,0.7,3.4,4.1,4.8,0.8,0.2,2.2,2.4,17.3,.450,.481,.370,.801,.543,50.186,G,dragigo01
567,Paolo Banchero,5.3,2023-24,21,ORL,80,80,1,35.0,8.0,17.6,6.5,13.2,1.5,4.4,5.1,7.0,1.0,5.9,6.9,5.4,0.9,0.6,3.1,1.9,22.6,.455,.493,.339,.725,.546,49.716,F,banchpa01
568,Klay Thompson,5.3,2018-19,28,GSW,78,78,1,34.0,8.4,18.0,5.3,10.3,3.1,7.7,1.7,2.0,0.5,3.4,3.8,2.4,1.1,0.6,1.5,2.0,21.5,.467,.516,.402,.816,.571,55.314,G-F,thompkl01
569,Theo Ratliff,5.2,2000-01,27,PHI,50,50,1,36.0,4.6,9.1,4.6,9.1,0.0,0.0,3.3,4.3,2.5,5.8,8.3,1.2,0.6,3.7,2.5,3.3,12.4,.499,.499,,.760,.562,49.891,C-F,ratlith01
570,Joe Johnson,5.1,2006-07,25,ATL,57,57,1,41.4,9.4,20.0,7.3,14.5,2.1,5.5,4.1,5.5,0.9,3.3,4.2,4.4,1.1,0.2,3.1,2.0,25.0,.471,.504,.381,.748,.558,52.283,G-F,johnsjo02
571,Latrell Sprewell,5.1,2000-01,30,NYK,77,77,1,39.2,6.8,15.8,6.3,14.1,0.5,1.8,3.6,4.6,0.6,3.9,4.5,3.5,1.4,0.4,2.8,2.1,17.7,.430,.446,.304,.783,.497,44.668,G,sprewla01
572,Andrew Wiggins,5.1,2021-22,26,GSW,73,73,1,31.9,6.5,14.0,4.4,8.5,2.2,5.5,2.0,3.2,1.2,3.3,4.5,2.2,1.0,0.7,1.5,2.2,17.2,.466,.513,.393,.634,.560,54.318,F-G,wiggian01
573,Brandon Ingram,5.1,2019-20,22,NOP,62,62,1,33.9,8.2,17.7,5.8,11.5,2.4,6.2,5.0,5.9,0.8,5.3,6.1,4.2,1.0,0.6,3.0,2.9,23.8,.463,.501,.391,.851,.587,53.102,F,ingrabr01
574,Zydrunas Ilgauskas,5.0,2002-03,27,CLE,81,81,1,30.0,6.1,13.9,6.1,13.8,0.0,0.1,4.9,6.3,3.0,4.6,7.5,1.6,0.7,1.9,2.6,3.4,17.2,.441,.443,.000,.781,.516,44.118,C,ilgauzy01
575,Jaylen Brown,5.0,2022-23,26,BOS,67,67,1,35.9,10.1,20.6,7.7,13.4,2.4,7.3,3.9,5.1,1.2,5.7,6.9,3.5,1.1,0.4,2.9,2.6,26.6,.491,.576,.335,.765,.581,54.989,F-G,brownja02
576,Kevin Durant,5.0,2020-21,32,BRK,35,32,1,33.1,9.3,17.2,6.8,11.8,2.4,5.4,6.0,6.8,0.4,6.7,7.1,5.6,0.7,1.3,3.4,2.0,26.9,.537,.577,.450,.882,.666,60.779,F-G,duranke01
577,D'Angelo Russell,5.0,2018-19,22,BRK,81,81,1,30.2,8.1,18.7,5.2,10.9,2.9,7.8,2.0,2.5,0.7,3.2,3.9,7.0,1.2,0.2,3.1,1.7,21.1,.434,.482,.369,.780,.533,51.154,G,russeda01
578,Dwyane Wade,4.9,2015-16,34,MIA,74,73,1,30.5,7.3,16.0,7.2,15.4,0.1,0.6,4.4,5.5,1.1,3.0,4.1,4.6,1.1,0.6,2.7,1.6,19.0,.456,.468,.159,.793,.517,45.943,G,wadedw01
579,Rajon Rondo,4.9,2011-12,25,BOS,53,53,1,36.9,4.8,10.8,4.6,10.0,0.2,0.8,2.0,3.4,1.2,3.7,4.8,11.7,1.8,0.1,3.6,1.9,11.9,.448,.464,.238,.597,.483,45.629,G,rondora01
580,Devin Booker,4.9,2020-21,24,PHO,67,67,1,33.9,9.3,19.2,7.4,13.7,1.9,5.5,5.1,5.9,0.5,3.7,4.2,4.3,0.8,0.2,3.1,2.7,25.6,.484,.543,.340,.867,.587,53.302,G,bookede01
581,Joe Johnson,4.9,2013-14,32,BRK,79,79,1,32.6,5.8,12.9,3.8,7.8,2.1,5.1,2.0,2.5,0.6,2.8,3.4,2.7,0.6,0.1,1.5,1.6,15.8,.454,.489,.401,.815,.564,53.340,G-F,johnsjo02
582,Jermaine O'Neal,4.9,2005-06,27,IND,51,47,1,35.3,7.5,15.8,7.4,15.6,0.1,0.2,5.1,7.2,2.0,7.3,9.3,2.6,0.5,2.3,3.0,3.5,20.1,.472,.474,.300,.709,.530,47.391,C-F,onealje01
583,Klay Thompson,4.9,2017-18,27,GSW,73,73,1,34.3,7.9,16.2,4.7,9.0,3.1,7.1,1.1,1.3,0.4,3.4,3.8,2.5,0.8,0.5,1.8,1.6,20.0,.488,.526,.440,.837,.598,58.482,G-F,thompkl01
584,Jaylen Brown,4.8,2020-21,24,BOS,58,58,1,34.5,9.3,19.2,6.5,12.1,2.8,7.1,3.3,4.3,1.2,4.8,6.0,3.4,1.2,0.6,2.7,2.9,24.7,.484,.536,.397,.764,.586,55.761,F-G,brownja02
585,Kevin Durant,4.8,2014-15,26,OKC,27,27,1,33.8,8.8,17.3,6.4,11.4,2.4,5.9,5.4,6.3,0.6,6.0,6.6,4.1,0.9,0.9,2.7,1.5,25.4,.510,.565,.403,.854,.633,57.816,F-G,duranke01
586,Carmelo Anthony,4.7,2016-17,32,NYK,74,74,1,34.3,8.1,18.8,6.1,13.1,2.0,5.7,4.1,4.9,0.8,5.1,5.9,2.9,0.8,0.5,2.1,2.7,22.4,.433,.466,.359,.833,.535,48.776,F,anthoca01
587,DeMarcus Cousins,4.7,2017-18,27,NOP,48,48,1,36.2,8.5,18.0,6.3,11.9,2.2,6.1,6.1,8.2,2.2,10.7,12.9,5.4,1.6,1.6,5.0,3.8,25.2,.470,.530,.354,.746,.583,53.009,C-F,couside01
588,Jermaine O'Neal,4.7,2006-07,28,IND,69,69,1,35.6,7.2,16.5,7.2,16.4,0.0,0.1,5.0,6.5,2.2,7.4,9.6,2.4,0.7,2.6,2.9,3.4,19.4,.436,.439,.000,.767,.500,43.646,C-F,onealje01
589,Trae Young,4.6,2023-24,25,ATL,54,54,1,36.0,8.0,18.7,4.8,10.0,3.2,8.7,6.4,7.5,0.4,2.3,2.8,10.8,1.3,0.2,4.4,2.0,25.7,.430,.479,.373,.855,.585,51.637,G,youngtr01
590,Paul George,4.6,2022-23,32,LAC,56,56,1,34.6,8.2,17.9,5.4,10.3,2.8,7.6,4.6,5.3,0.8,5.3,6.1,5.1,1.5,0.4,3.1,2.8,23.8,.457,.521,.371,.871,.588,53.586,F-G,georgpa01
591,Steve Francis,4.4,2001-02,24,HOU,57,56,1,41.1,7.4,17.7,6.2,14.0,1.2,3.7,5.7,7.4,1.8,5.2,7.0,6.4,1.2,0.4,3.9,3.0,21.6,.417,.442,.324,.773,.517,45.084,G,francst01
592,Scottie Barnes,4.3,2023-24,22,TOR,60,60,1,34.9,7.5,15.7,5.8,10.8,1.7,4.9,3.3,4.2,2.4,5.9,8.2,6.1,1.3,1.5,2.8,2.0,19.9,.475,.536,.341,.781,.566,52.813,G-F,barnesc01
593,Joe Johnson,4.2,2010-11,29,ATL,72,72,1,35.5,7.1,16.1,5.9,12.0,1.2,4.2,2.7,3.4,0.8,3.2,4.0,4.7,0.7,0.1,2.0,1.8,18.2,.443,.494,.297,.802,.517,48.105,G-F,johnsjo02
594,Russell Westbrook,4.2,2019-20,31,HOU,57,57,1,35.9,10.6,22.5,9.6,18.7,1.0,3.7,5.1,6.7,1.8,6.2,7.9,7.0,1.6,0.4,4.5,3.5,27.2,.472,.514,.258,.763,.536,49.297,G,westbru01
595,Vince Carter,4.2,2002-03,26,TOR,43,42,1,34.2,8.3,17.7,7.2,14.6,1.0,3.0,3.0,3.7,1.4,3.0,4.4,3.3,1.1,1.0,1.7,2.8,20.6,.467,.493,.344,.806,.532,49.671,G-F,cartevi01
596,Deron Williams,4.1,2011-12,27,NJN,55,55,1,36.3,7.1,17.5,5.0,11.3,2.1,6.2,4.7,5.5,0.4,2.9,3.3,8.7,1.2,0.4,4.0,2.2,21.0,.407,.446,.336,.843,.527,46.670,G,willide01
597,Tracy McGrady,4.1,2005-06,26,HOU,47,47,1,37.1,8.7,21.5,7.2,16.5,1.6,5.0,5.4,7.2,1.0,5.6,6.5,4.8,1.3,0.9,2.6,1.9,24.4,.406,.434,.312,.747,.494,44.164,G-F,mcgratr01
598,Julius Randle,3.8,2023-24,29,NYK,46,46,1,35.4,8.6,18.2,6.9,12.9,1.7,5.3,5.1,6.6,2.2,7.0,9.2,5.0,0.5,0.3,3.5,2.7,24.0,.472,.539,.311,.781,.569,51.794,F-C,randlju01
599,Anthony Edwards,3.8,2022-23,21,MIN,79,79,1,36.0,8.9,19.5,6.3,12.2,2.7,7.3,4.0,5.3,0.6,5.2,5.8,4.4,1.6,0.7,3.3,2.4,24.6,.459,.513,.369,.756,.564,52.790,G-F,edwaran01
600,Jermaine O'Neal,3.8,2004-05,26,IND,44,41,1,34.8,8.8,19.4,8.8,19.3,0.0,0.1,6.7,8.9,1.9,6.9,8.8,1.9,0.6,2.0,3.0,3.9,24.3,.452,.454,.167,.754,.520,45.258,C-F,onealje01
